train_number,total_distance_traveled
107,78
108,83
128,978
290,2694
401,1618
421,1276
422,1277
477,2616
502,1206
504,1313
506,1161
557,1301
604,1429
1011,841
1037,513
1038,503
1045,563
1119,1329
1120,1319
1122,569
1196,1332
1301,976
1302,973
1442,1581
1655,1050
1656,1050
1705,1261
1706,1262
1707,1360
1708,1362
2025,579
2026,569
2191,1123
2192,1123
2195,551
2196,549
2515,3939
2651,62
2652,62
2731,1854
2732,1853
2821,2066
2822,2073
2833,2332
2834,2351
2841,1656
2842,1656
2845,1770
2846,1791
3101,523
3102,522
3301,58
3302,58
3305,3
3306,3
3307,4
3308,4
3501,1193
3502,1193
4401,710
4402,710
4409,653
4410,653
4419,1916
4420,1924
4735,691
4736,691
4767,67
4768,67
4769,67
4770,67
4771,232
4772,232
4773,125
4774,125
4801,21
4802,21
4831,882
4832,881
4851,197
4852,197
4853,42
4854,42
4921,81
4922,81
4991,99
4992,99
5061,112
5062,112
5065,503
5066,505
5105,64
5106,64
5305,136
5306,136
5309,81
5310,81
5521,81
5522,81
5613,85
5614,85
5619,153
5620,153
5631,380
5632,379
5715,87
5716,87
5719,204
5720,205
5863,89
5864,88
5865,426
5866,425
6001,649
6002,649
6006,699
6009,1844
6010,1843
6041,849
6042,851
6043,849
6044,852
6046,852
6047,849
6048,852
6049,855
6050,857
6053,626
6054,627
6057,1656
6058,1655
6065,500
6066,501
6067,522
6068,522
6081,45
6082,45
6412,2462
6512,77
6513,17
6541,881
6542,878
6547,632
6548,634
6579,1089
6580,1086
6581,607
6582,604
6591,62
6592,61
6593,10
6594,10
6595,33
6596,33
6647,89
6648,89
6769,116
6770,116
6851,10
6852,10
6853,10
6854,10
6919,247
6920,248
7005,2276
7006,2297
7007,2023
7008,2033
7016,670
7044,735
7061,217
7062,437
7075,554
7076,553
7109,1589
7110,1593
7113,1543
7133,1508
7134,1511
7141,1560
7142,1563
7146,763
7149,2563
7211,1433
7212,1436
7213,1221
7214,1226
7217,1360
7218,1363
7410,1147
7417,1330
7418,1331
7425,537
7426,537
7429,742
7430,744
7431,597
7432,597
7435,555
7436,554
7438,1533
7439,1533
7487,735
7505,1973
7509,1886
7517,350
7525,322
7526,322
7603,624
7604,624
7607,1014
7608,1016
7613,1636
7614,1641
7644,597
7645,587
7757,314
7758,314
7941,587
7942,597
8001,39
8002,39
8014,12
8017,39
8018,39
8035,120
8036,120
8051,39
8052,39
8061,1847
8062,1838
8063,115
8064,2039
8065,115
8082,30
8087,30
8101,40
8102,40
8301,1567
8302,1567
8403,495
8404,497
8501,700
8502,698
8511,471
8512,471
8567,1571
8568,1578
8573,760
8574,759
8581,11
8582,11
8617,1365
8618,1356
8627,484
8628,481
8872,133
9003,1355
9004,1358
9005,1373
9006,1376
9011,1209
9012,1211
9433,780
9434,780
9621,1281
9622,1281
9721,429
9722,429
9761,125
9809,447
9810,450
10103,590
10104,594
10111,590
10112,594
10215,726
10216,727
11001,348
11002,348
11003,502
11004,504
11005,1636
11006,1639
11007,191
11008,191
11009,191
11010,191
11011,723
11012,723
11013,1515
11014,1515
11015,1678
11016,1677
11017,1631
11018,1634
11019,1941
11020,1941
11021,1843
11022,1845
11023,517
11024,517
11025,545
11026,545
11027,1281
11028,1283
11029,517
11030,517
11031,108
11032,108
11033,1955
11034,1953
11035,1210
11036,1213
11037,1777
11038,1777
11039,1352
11040,1353
11041,1281
11042,1283
11043,1696
11044,1700
11045,2894
11046,2892
11047,278
11048,279
11049,949
11050,949
11051,314
11052,314
11053,1552
11054,1551
11055,1732
11056,1732
11057,2026
11058,2029
11059,1772
11060,1770
11061,1885
11062,1883
11063,352
11064,352
11067,1510
11068,1509
11071,1645
11072,1647
11073,1265
11074,1267
11075,651
11076,651
11077,2155
11078,2157
11079,1745
11080,1745
11081,1731
11082,1731
11083,1153
11084,1153
11085,574
11086,578
11087,1053
11088,1053
11089,1074
11090,1072
11091,981
11092,981
11093,1516
11094,1515
11095,623
11096,622
11097,1278
11098,1279
11101,1373
11102,1373
11103,1321
11104,1321
11107,629
11108,629
11109,291
11110,291
11111,939
11112,941
11123,1051
11124,1054
11125,561
11126,561
11201,1015
11202,1015
11203,1340
11204,1340
11205,699
11206,699
11265,432
11266,434
11272,737
11301,1154
11302,1154
11303,989
11304,987
11307,221
11308,223
11309,267
11310,267
11401,1053
11402,1052
11403,1026
11404,1026
11405,811
11406,812
11407,1478
11408,1478
11423,357
11424,356
11447,1156
11448,1155
11449,1561
11450,1564
11463,1416
11464,1417
11465,1572
11466,1575
11651,344
11652,345
11701,751
11702,751
11703,823
11704,821
11801,215
11802,215
11901,292
11902,294
12001,688
12002,690
12003,504
12004,504
12005,268
12006,268
12007,498
12008,499
12009,490
12010,490
12011,268
12012,268
12013,447
12014,447
12015,442
12016,442
12017,314
12018,314
12019,436
12020,434
12021,402
12022,401
12023,530
12024,531
12025,598
12026,598
12027,360
12028,361
12029,447
12030,447
12031,447
12032,447
12033,430
12034,430
12035,240
12036,240
12037,328
12038,328
12039,283
12040,283
12041,560
12042,560
12043,397
12044,397
12045,243
12046,243
12047,385
12048,385
12049,181
12050,183
12051,581
12052,585
12053,406
12054,406
12055,304
12056,304
12057,386
12058,386
12059,447
12060,450
12061,330
12062,330
12065,389
12066,389
12067,376
12068,375
12069,419
12070,411
12071,422
12072,422
12073,442
12074,441
12075,399
12076,398
12077,453
12078,453
12079,470
12080,468
12081,500
12082,499
12083,361
12084,361
12085,506
12086,505
12087,332
12088,332
12101,1956
12102,1963
12103,1478
12104,1478
12105,971
12106,972
12107,1408
12108,1408
12109,260
12110,260
12111,676
12112,676
12113,895
12114,895
12115,456
12116,457
12117,244
12118,244
12119,180
12120,180
12121,883
12122,886
12123,191
12124,191
12125,190
12126,190
12127,191
12128,191
12129,2026
12130,2033
12131,330
12132,330
12133,903
12134,909
12135,895
12136,895
12137,1910
12138,1913
12139,841
12140,841
12141,1693
12142,1692
12143,1540
12144,1541
12145,1888
12146,1895
12147,1897
12148,1900
12149,1757
12150,1756
12151,2089
12152,2095
12153,820
12154,820
12155,681
12156,683
12157,265
12158,265
12159,725
12160,725
12161,1320
12162,1320
12163,1278
12164,1281
12165,1488
12166,1487
12167,1500
12168,1500
12169,265
12170,265
12171,1756
12172,1759
12173,1581
12174,1581
12175,1291
12176,1292
12177,1451
12178,1453
12179,323
12180,323
12181,1024
12182,1024
12183,754
12184,754
12185,555
12186,557
12187,996
12188,996
12189,937
12190,938
12191,1021
12192,1019
12193,1747
12194,1734
12195,375
12196,375
12197,484
12198,484
12201,1513
12202,1517
12203,1711
12204,1714
12205,304
12206,304
12207,768
12208,768
12209,415
12210,415
12211,1057
12212,1059
12213,2350
12214,2351
12215,1431
12216,1429
12217,3086
12218,3084
12219,774
12220,774
12221,2026
12222,2033
12223,1301
12224,1306
12225,795
12226,796
12227,831
12228,831
12229,492
12230,492
12231,644
12232,644
12235,2446
12236,2448
12237,1253
12238,1253
12239,1157
12240,1158
12241,247
12242,247
12243,491
12244,493
12245,1957
12246,1959
12247,1355
12248,1358
12249,1425
12250,1426
12251,1611
12252,1605
12253,2478
12254,2477
12257,798
12258,797
12259,1448
12260,1449
12261,1972
12262,1979
12263,1498
12264,1501
12265,577
12266,577
12267,490
12268,490
12269,2156
12270,2155
12273,1516
12274,1517
12275,629
12276,629
12277,504
12278,503
12279,385
12280,388
12281,1714
12282,1717
12283,2636
12284,2634
12285,1651
12286,1652
12289,841
12290,841
12291,364
12292,363
12293,1353
12294,1352
12295,2703
12296,2697
12297,623
12298,622
12301,1438
12302,1439
12303,1516
12304,1517
12305,1516
12306,1517
12307,1803
12308,1805
12309,987
12310,987
12311,1699
12312,1700
12313,1448
12314,1449
12315,2119
12316,2120
12317,1884
12318,1885
12319,1416
12320,1417
12321,2165
12322,2167
12323,1425
12324,1426
12325,1792
12326,1793
12327,1577
12328,1577
12329,1435
12330,1436
12331,2010
12332,2011
12333,878
12334,879
12335,1917
12336,1918
12337,146
12338,146
12339,258
12340,259
12341,199
12342,200
12343,571
12344,571
12345,1023
12346,1023
12347,206
12348,206
12349,1206
12350,1206
12351,528
12352,529
12353,1299
12354,1300
12355,1506
12356,1506
12357,1807
12358,1807
12359,534
12360,534
12361,2043
12362,2044
12363,621
12364,620
12365,410
12366,407
12367,1193
12368,1193
12369,1525
12370,1526
12371,2245
12372,2246
12373,217
12374,216
12375,1729
12376,1727
12377,718
12378,718
12379,1889
12380,1890
12381,1438
12382,1439
12383,221
12384,222
12389,2348
12390,2353
12391,1092
12392,1092
12393,987
12394,987
12395,1287
12396,1287
12397,981
12398,981
12401,1049
12402,1049
12405,1461
12406,1464
12407,1821
12408,1824
12409,1613
12410,1608
12411,247
12412,247
12413,1016
12414,1017
12415,815
12416,817
12417,624
12418,624
12419,504
12420,504
12421,1927
12422,1929
12423,2422
12424,2423
12425,576
12426,576
12427,844
12428,844
12431,2841
12432,2840
12433,2156
12434,2155
12435,2452
12436,2454
12437,1651
12438,1652
12439,1297
12440,1300
12441,1487
12442,1483
12443,1572
12444,1572
12445,654
12446,654
12447,676
12448,679
12449,2159
12450,2157
12451,430
12452,430
12453,1333
12454,1336
12455,790
12456,790
12457,455
12458,455
12459,447
12460,447
12461,618
12462,619
12463,614
12464,615
12465,905
12466,906
12467,700
12468,699
12469,1025
12470,1025
12471,2017
12472,2019
12473,1736
12474,1739
12475,2055
12476,2058
12477,2064
12478,2066
12479,934
12480,932
12481,409
12482,409
12483,3290
12484,3288
12485,1937
12486,1940
12487,1364
12488,1364
12489,1244
12490,1244
12491,1609
12492,1612
12493,1498
12494,1501
12495,1878
12496,1876
12497,447
12498,447
12501,1914
12502,1914
12503,3032
12504,3032
12505,1850
12506,1850
12507,3932
12508,3930
12509,2992
12510,2993
12511,3239
12512,3245
12513,2564
12514,2567
12515,3932
12516,3930
12517,1027
12518,1027
12519,2568
12520,2567
12521,3427
12522,3435
12523,1496
12524,1499
12525,1584
12526,1583
12527,395
12529,518
12530,522
12531,277
12532,278
12533,1424
12534,1423
12535,903
12536,905
12537,543
12538,543
12539,2548
12540,2541
12541,1685
12542,1686
12545,2045
12546,2045
12547,866
12548,864
12549,1847
12550,1858
12551,3024
12552,3024
12553,1167
12554,1170
12555,952
12556,953
12557,1057
12558,1059
12559,745
12560,745
12561,1223
12562,1224
12565,1153
12566,1156
12567,219
12568,219
12569,1238
12570,1238
12572,829
12577,3045
12578,3051
12581,745
12582,745
12587,1246
12588,1247
12589,1833
12590,1836
12591,2513
12592,2504
12593,581
12594,581
12595,760
12596,761
12597,1693
12598,1694
12601,883
12602,885
12603,715
12604,716
12605,425
12606,425
12607,360
12608,361
12609,360
12610,361
12611,2156
12612,2155
12613,138
12614,138
12615,2169
12616,2168
12617,2751
12618,2748
12619,893
12620,899
12621,2163
12622,2163
12623,913
12624,916
12625,3013
12626,3010
12627,2386
12628,2389
12629,2595
12630,2595
12631,649
12632,649
12633,738
12634,737
12635,492
12636,492
12637,492
12638,492
12639,360
12640,361
12641,2899
12642,2898
12643,2991
12644,2988
12645,2786
12646,2782
12647,2650
12648,2651
12649,2257
12650,2258
12651,2653
12652,2652
12653,336
12654,335
12655,1893
12656,1895
12657,360
12658,361
12659,2579
12660,2579
12661,665
12662,665
12663,2005
12664,2004
12665,2407
12666,2406
12667,722
12668,722
12669,2348
12670,2343
12671,526
12672,529
12673,491
12674,493
12675,491
12676,493
12677,581
12678,582
12679,491
12680,493
12681,491
12682,493
12683,617
12684,616
12685,883
12686,885
12687,3067
12688,3064
12689,918
12690,920
12691,528
12692,528
12693,652
12694,651
12695,914
12696,916
12697,901
12698,903
12701,791
12702,793
12703,1549
12704,1548
12705,391
12706,390
12707,2292
12708,2294
12709,651
12710,650
12711,430
12712,429
12713,358
12714,358
12715,2056
12716,2059
12717,350
12718,350
12719,1718
12720,1720
12721,1662
12722,1662
12723,1669
12724,1669
12725,491
12726,488
12727,718
12728,719
12729,658
12730,658
12731,790
12732,790
12733,661
12734,661
12735,686
12736,686
12737,575
12738,575
12739,708
12740,708
12741,2243
12742,2238
12747,353
12748,353
12749,441
12750,438
12757,305
12758,305
12759,797
12760,798
12761,712
12762,710
12763,744
12764,743
12765,1305
12766,1305
12767,1572
12768,1578
12769,711
12770,711
12771,587
12772,586
12773,1590
12774,1589
12775,598
12776,598
12777,1295
12778,1297
12779,2148
12780,2151
12781,2602
12782,2602
12783,710
12784,708
12785,623
12786,623
12791,1843
12792,1840
12795,314
12796,314
12797,707
12798,707
12801,1860
12802,1860
12803,2076
12804,2076
12805,688
12806,689
12807,1900
12808,1895
12809,1972
12810,1979
12811,1701
12812,1709
12813,254
12814,253
12815,1794
12816,1788
12817,1291
12818,1294
12819,1774
12820,1774
12821,504
12822,503
12823,1255
12824,1266
12825,1297
12826,1300
12827,323
12828,323
12829,1222
12830,1222
12831,725
12832,722
12833,2097
12834,2098
12835,1891
12836,1891
12837,504
12838,503
12839,1664
12840,1663
12841,1664
12842,1663
12843,2148
12844,2141
12845,1510
12846,1510
12847,185
12848,186
12849,1312
12850,1305
12851,1412
12852,1409
12853,889
12854,897
12855,416
12856,405
12857,185
12858,186
12859,1972
12860,1979
12861,578
12862,576
12863,1959
12864,1959
12865,344
12866,343
12867,1922
12868,1922
12869,1972
12870,1979
12871,745
12872,746
12873,1322
12874,1325
12875,1911
12876,1912
12877,1333
12878,1336
12879,1790
12880,1798
12881,504
12882,503
12883,322
12884,330
12885,318
12886,317
12887,504
12888,503
12889,1890
12890,1893
12891,311
12892,311
12893,395
12894,395
12895,504
12896,503
12897,1423
12898,1423
12901,490
12902,490
12903,1885
12904,1888
12905,2559
12906,2566
12907,1355
12908,1358
12909,1355
12910,1358
12911,1427
12912,1430
12913,650
12914,650
12915,930
12916,933
12917,1075
12918,1077
12919,1598
12920,1601
12921,262
12922,262
12923,606
12924,606
12925,1810
12926,1813
12927,391
12928,391
12929,344
12930,344
12931,490
12932,490
12933,490
12934,490
12935,251
12936,251
12937,2509
12938,2508
12939,1289
12940,1290
12941,2308
12942,2308
12943,1301
12944,1301
12946,632
12947,1754
12948,1754
12949,2664
12950,2670
12951,1373
12952,1376
12953,1366
12954,1369
12955,1157
12956,1158
12957,931
12958,934
12959,972
12960,972
12961,831
12962,831
12963,735
12964,733
12967,2179
12968,2174
12969,2673
12970,2667
12971,778
12972,778
12973,593
12974,593
12975,2483
12976,2483
12977,778
12978,2560
12979,1146
12980,1147
12981,672
12982,672
12983,715
12984,715
12985,302
12986,302
12987,1637
12988,1638
12989,974
12990,976
12991,434
12992,434
12993,2288
12994,2295
12995,944
12996,945
13005,1906
13006,1907
13007,1949
13008,1952
13009,1558
13010,1559
13011,340
13012,340
13013,111
13014,111
13015,158
13016,158
13017,275
13018,275
13019,1517
13020,1521
13021,691
13022,692
13023,658
13024,658
13027,275
13028,275
13033,419
13034,419
13043,697
13044,698
13049,1908
13050,1909
13053,210
13054,210
13063,403
13064,424
13071,472
13072,472
13103,229
13104,229
13105,680
13106,681
13109,112
13110,112
13113,222
13114,222
13117,222
13118,222
13119,1627
13120,1627
13121,740
13122,741
13129,78
13130,78
13131,545
13132,546
13133,871
13134,871
13135,618
13136,619
13137,785
13138,786
13141,716
13142,716
13145,473
13146,473
13147,692
13148,692
13149,734
13150,734
13151,1978
13152,1979
13153,350
13154,350
13155,618
13156,618
13157,564
13158,565
13159,542
13160,542
13161,427
13162,426
13163,589
13164,589
13165,606
13166,618
13167,1462
13168,1463
13169,569
13170,568
13185,625
13186,626
13187,228
13188,228
13201,1698
13202,1699
13205,223
13206,223
13225,264
13226,264
13233,108
13234,108
13235,305
13236,305
13237,1245
13238,1246
13239,1198
13240,1199
13241,271
13242,271
13243,242
13244,242
13245,487
13246,485
13247,969
13248,967
13249,193
13250,193
13257,971
13258,971
13287,1112
13288,1113
13301,198
13302,197
13303,295
13304,292
13305,198
13306,198
13307,1600
13308,1600
13319,331
13320,328
13329,290
13330,290
13331,367
13332,367
13345,208
13346,208
13347,493
13348,493
13351,2535
13352,2534
13401,230
13402,230
13403,572
13404,575
13409,231
13410,231
13413,1399
13414,1399
13415,399
13416,399
13417,659
13418,660
13419,239
13420,239
13421,224
13422,224
13423,1748
13424,1749
13425,2141
13426,2130
13429,1405
13430,1405
13465,329
13466,329
13483,1447
13484,1447
13501,330
13502,323
13505,379
13506,372
13507,641
13508,643
13509,859
13510,861
13511,166
13512,166
14001,471
14002,471
14003,1418
14004,1418
14005,1182
14006,1183
14007,1235
14008,1236
14011,410
14012,410
14013,627
14014,627
14015,1218
14016,1219
14017,1282
14018,1283
14019,2478
14020,2479
14021,291
14022,291
14033,653
14034,653
14035,495
14036,495
14041,338
14042,338
14043,237
14044,237
14055,2578
14056,2579
14085,263
14086,263
14095,269
14096,269
14101,208
14102,208
14109,213
14110,213
14113,360
14114,360
14115,724
14116,724
14117,263
14118,263
14119,335
14120,335
14123,246
14124,246
14125,202
14126,202
14151,429
14152,478
14163,629
14164,629
14201,197
14202,197
14203,301
14204,301
14205,614
14206,614
14207,659
14208,659
14209,194
14210,194
14211,188
14212,191
14213,254
14214,255
14215,200
14216,200
14217,875
14218,875
14219,301
14220,301
14221,203
14222,203
14227,276
14228,276
14235,558
14236,558
14257,793
14258,793
14260,319
14265,845
14266,845
14307,460
14308,460
14309,1226
14310,1228
14311,1543
14312,1540
14313,1592
14314,1591
14315,257
14316,257
14317,1165
14318,1168
14319,1021
14320,1020
14321,1409
14322,1407
14323,71
14324,71
14369,722
14370,722
14371,201
14372,201
14501,523
14502,523
14503,479
14504,479
14505,286
14506,286
14511,773
14512,773
14519,335
14520,335
14521,261
14522,261
14523,1295
14524,1296
14525,314
14526,314
14545,212
14546,203
14553,398
14554,398
14555,271
14556,271
14601,184
14602,184
14603,1568
14604,1571
14609,635
14610,635
14611,1385
14613,236
14614,236
14615,661
14616,661
14623,1027
14624,1029
14625,382
14626,382
14629,123
14630,123
14631,462
14632,462
14633,106
14634,106
14645,639
14646,639
14649,1668
14650,1669
14659,919
14660,919
14661,209
14662,209
14673,1650
14674,1653
14681,438
14682,438
14703,314
14704,314
14707,1211
14708,1209
14709,2094
14710,2091
14711,471
14712,471
14713,534
14714,534
14715,445
14716,445
14717,751
14718,751
14723,604
14724,605
14731,521
14732,521
14795,108
14796,108
14801,735
14803,479
14804,479
14805,2242
14806,2240
14807,150
14808,150
14809,300
14810,300
14811,291
14812,291
14853,1193
14854,1194
14863,1145
14864,1146
14865,1170
14866,1171
14887,1082
14888,1082
14889,324
14890,324
15001,1122
15002,1124
15003,551
15004,551
15005,813
15006,814
15007,503
15008,505
15009,329
15011,698
15012,698
15013,1255
15014,1256
15015,2501
15016,2504
15017,1718
15018,1718
15019,81
15020,81
15021,1056
15022,1055
15023,2460
15024,2473
15025,823
15026,823
15027,859
15028,864
15029,1747
15030,1748
15033,243
15034,243
15035,278
15036,277
15037,246
15038,247
15039,107
15040,107
15041,107
15042,107
15043,341
15044,341
15045,2285
15046,2286
15047,855
15048,858
15049,879
15050,882
15051,873
15052,875
15053,535
15054,536
15055,440
15056,440
15057,748
15058,749
15059,248
15060,248
15063,1745
15064,1745
15065,1743
15066,1743
15067,1896
15068,1895
15069,333
15070,333
15097,1777
15098,1780
15101,1878
15102,1882
15103,234
15104,234
15105,177
15106,179
15111,222
15112,222
15115,996
15116,996
15117,492
15118,493
15119,2790
15120,2785
15159,1091
15160,1092
15201,204
15202,204
15203,670
15204,674
15205,585
15206,585
15209,1520
15210,1523
15211,1485
15212,1486
15215,159
15216,159
15227,2729
15228,2729
15231,1523
15232,1520
15233,534
15234,534
15235,535
15236,536
15267,1924
15268,1925
15269,1744
15270,1745
15271,549
15272,550
15273,955
15274,956
15275,109
15276,109
15279,1182
15280,1185
15283,373
15284,373
15417,589
15418,589
15463,308
15464,309
15483,1638
15484,1638
15529,1253
15530,1255
15531,1612
15532,1615
15547,1963
15548,1963
15549,243
15550,243
15559,2018
15560,2020
15563,1865
15564,1866
15601,2294
15602,2295
15603,571
15604,570
15605,233
15606,233
15613,491
15614,491
15617,332
15618,332
15619,1093
15620,1093
15621,1901
15622,1904
15623,2541
15624,2540
15629,2796
15630,2797
15631,2462
15632,2461
15635,3219
15636,3219
15639,1512
15640,1513
15643,1534
15644,1548
15645,2598
15646,2597
15647,2740
15648,2739
15651,2344
15652,2348
15653,2431
15654,2433
15655,2606
15656,2607
15657,977
15658,977
15659,1555
15660,1554
15661,1228
15662,1232
15665,250
15666,249
15667,3142
15668,3142
15669,250
15670,249
15707,1787
15708,1790
15711,398
15712,419
15713,289
15714,289
15715,1834
15716,1834
15717,405
15718,404
15719,202
15720,202
15721,752
15722,773
15723,545
15724,545
15765,262
15766,262
15767,161
15768,161
15769,450
15770,449
15771,300
15772,300
15815,182
15816,182
15903,2636
15904,2640
15905,4260
15906,4256
15909,3114
15927,595
15928,595
15929,3353
15930,3353
15933,2870
15934,2872
15941,1712
15942,1712
15959,1507
15960,1528
15967,604
15968,603
16003,1365
16004,1363
16021,498
16022,499
16023,143
16024,143
16031,2859
16032,2857
16053,148
16054,146
16057,148
16058,146
16085,144
16086,144
16089,212
16090,213
16093,2086
16094,2083
16101,664
16102,664
16105,775
16106,774
16115,196
16116,196
16127,1095
16128,1096
16129,31
16130,31
16175,360
16176,360
16179,394
16180,394
16181,682
16182,682
16183,351
16184,350
16185,10
16186,10
16187,591
16188,592
16203,148
16204,146
16205,372
16206,372
16209,2278
16210,2279
16215,138
16216,138
16217,1304
16218,1304
16227,508
16228,508
16229,2698
16231,676
16232,676
16233,120
16234,120
16235,775
16301,327
16302,327
16303,220
16304,219
16305,282
16306,282
16307,338
16308,339
16311,2701
16312,2704
16313,338
16314,339
16315,829
16316,830
16317,3769
16318,3765
16331,1953
16332,1954
16333,2407
16334,2411
16335,2348
16336,2352
16337,2253
16338,2258
16339,1874
16340,1875
16341,302
16342,302
16343,609
16344,610
16345,1510
16346,1514
16347,630
16348,632
16349,67
16350,66
16351,1942
16352,1945
16353,1490
16354,1492
16359,2987
16360,2980
16381,2130
16382,2132
16501,1797
16502,1785
16505,1949
16506,1952
16507,2103
16508,2104
16515,667
16516,649
16517,579
16518,578
16519,148
16520,148
16521,70
16522,70
16523,262
16524,260
16525,934
16526,934
16527,655
16528,654
16531,2213
16532,2201
16533,2173
16534,2161
16535,966
16536,964
16557,138
16558,138
16565,833
16566,833
16569,611
16570,599
16571,687
16572,687
16573,453
16574,452
16575,409
16576,394
16577,333
16578,332
16579,268
16580,267
16581,268
16582,267
16587,2440
16588,2440
16589,797
16590,794
16591,668
16592,668
16593,1021
16594,1021
16603,620
16604,619
16605,691
16606,689
16613,2220
16614,2222
16615,334
16616,334
16617,498
16618,498
16629,631
16630,632
16649,703
16650,702
16687,3663
16688,3661
16723,858
16724,858
16733,3177
16734,3175
16779,816
16780,817
16787,454
16788,454
16790,454
16791,347
16792,348
16793,2916
16794,2912
16853,400
16854,400
16855,796
16856,795
16857,861
16858,861
16859,983
16860,982
16861,699
16862,698
16863,2853
16864,2855
17001,771
17002,771
17009,163
17010,162
17011,316
17012,305
17013,639
17014,640
17015,1135
17016,1135
17017,1467
17018,1468
17019,2002
17020,2004
17021,376
17022,373
17023,243
17024,243
17025,341
17026,341
17027,243
17028,243
17031,791
17032,793
17037,2120
17038,2121
17057,875
17058,875
17063,615
17064,615
17201,391
17202,390
17203,2051
17204,2053
17205,1346
17206,1347
17207,1129
17208,1130
17209,962
17210,962
17211,768
17212,768
17213,1092
17214,1092
17215,619
17216,619
17221,1306
17222,1306
17225,693
17226,691
17229,1562
17230,1563
17231,1048
17232,1048
17233,375
17234,374
17235,669
17236,668
17239,382
17240,383
17241,76
17242,77
17255,462
17256,464
17301,493
17302,490
17305,90
17307,993
17308,994
17309,665
17310,662
17311,1029
17312,1027
17315,1269
17316,1273
17317,732
17318,731
17319,660
17320,661
17321,796
17322,797
17323,2037
17324,2037
17325,607
17326,609
17401,466
17402,466
17403,94
17404,94
17405,1154
17406,1153
17407,462
17408,463
17409,184
17410,184
17411,517
17412,517
17413,302
17414,302
17415,904
17416,903
17417,1419
17418,1419
17419,778
17420,777
17479,1231
17480,1231
17481,1402
17482,1400
17487,735
17488,736
17603,653
17604,652
17605,1522
17606,1518
17609,1736
17610,1738
17613,667
17614,667
17615,1283
17616,1286
17617,604
17618,604
17619,236
17620,236
17621,1148
17622,1148
17623,1675
17624,1677
17625,347
17626,341
17639,513
17640,513
17641,730
17642,730
17643,759
17644,760
17651,825
17652,824
17687,416
17688,419
18005,1163
18006,1164
18007,260
18008,259
18009,2000
18010,2002
18029,1957
18030,1955
18047,2128
18048,2125
18101,2017
18102,2017
18103,1746
18104,1747
18107,644
18108,644
18111,2434
18112,2421
18117,796
18118,796
18181,629
18182,629
18183,507
18184,507
18189,159
18190,159
18191,685
18192,687
18201,1207
18202,1212
18203,879
18204,883
18205,1153
18206,1161
18207,1396
18208,1404
18211,660
18212,665
18213,1250
18214,1258
18215,1906
18216,1916
18233,1008
18234,1009
18235,720
18236,721
18237,1998
18238,1990
18239,520
18240,406
18241,463
18242,471
18243,1818
18244,1808
18245,1884
18246,1874
18247,468
18248,465
18301,321
18302,321
18303,340
18304,340
18309,378
18310,381
18311,890
18312,893
18401,2779
18402,2775
18403,126
18404,126
18405,2013
18406,2005
18407,1697
18408,1691
18409,504
18410,503
18413,172
18414,172
18415,396
18416,396
18419,998
18420,998
18421,2483
18422,2479
18425,810
18426,803
18437,146
18438,146
18447,784
18448,784
18449,926
18450,926
18451,686
18452,686
18463,1546
18464,1545
18477,2347
18478,2354
18495,1884
18496,1884
18501,2116
18502,2113
18503,1406
18504,1405
18507,2552
18508,2556
18511,357
18512,357
18517,726
18518,727
18519,1512
18520,1497
18567,1572
18568,1576
18573,2056
18574,2060
18605,637
18606,640
18609,2014
18610,2018
18611,574
18612,576
18613,480
18614,482
18615,430
18616,426
18619,400
18620,402
18621,571
18622,569
18623,417
18624,414
18625,417
18626,414
18631,1663
18632,1665
18637,1884
18638,1884
18645,1602
18646,1602
18695,64
18696,64
18697,314
18698,314
19015,958
19016,958
19019,1676
19020,1678
19021,1681
19022,1681
19023,1759
19024,1762
19025,567
19026,567
19027,1878
19028,1879
19031,1200
19032,1203
19033,297
19034,297
19035,99
19036,99
19037,1832
19038,1831
19039,2142
19040,2140
19041,1909
19042,1910
19045,1732
19046,1730
19051,1786
19052,1785
19053,2121
19054,2120
19055,750
19056,751
19057,1403
19058,1402
19061,1635
19062,1636
19063,1596
19064,1595
19107,1537
19108,1539
19115,843
19116,843
19119,435
19120,435
19151,300
19152,300
19165,1945
19166,1945
19167,1600
19168,1601
19201,1690
19202,1689
19215,958
19217,807
19218,807
19223,1474
19224,1476
19225,489
19226,489
19251,438
19252,438
19259,2274
19260,2270
19261,2427
19262,2423
19263,1394
19264,1396
19269,2465
19270,2465
19301,1895
19302,1895
19303,262
19304,262
19307,1100
19308,1102
19309,563
19310,564
19311,969
19312,970
19313,1347
19314,1347
19321,1394
19322,1395
19323,217
19324,217
19325,1323
19326,1326
19327,302
19328,302
19329,481
19330,481
19331,2300
19332,2296
19401,1298
19402,1300
19403,1550
19404,1552
19407,1693
19408,1696
19409,1569
19410,1569
19411,489
19412,491
19413,2617
19414,2618
19415,1716
19416,1718
19419,1721
19420,1719
19421,1666
19422,1669
19565,1662
19566,1664
19567,2730
19568,2730
19571,201
19572,201
19573,1049
19574,1051
19575,1126
19576,1126
19577,2438
19578,2434
19579,1102
19580,1105
19601,2235
19602,2232
19607,2000
19608,2004
19609,968
19611,1006
19612,1006
19613,847
19614,847
19659,1880
19660,1883
19665,1080
19666,1080
19707,1103
19708,1106
19709,2213
19710,2210
19711,792
19712,792
19713,1726
19714,1726
19715,675
19716,674
19717,569
19718,569
19803,1125
19804,1127
19805,1084
19806,1086
19807,238
19808,239
20501,2412
20502,2413
20601,558
20602,554
20651,273
20652,273
20809,1486
20810,1484
20811,981
20812,978
20813,2433
20814,2426
20815,862
20816,862
20817,1893
20818,1894
20889,1234
20890,1233
20901,185
20902,185
20903,1536
20904,1535
21067,95
21068,95
21107,63
21108,63
21125,643
21126,643
22101,260
22102,260
22103,1600
22104,1599
22105,191
22106,191
22109,1501
22110,1504
22111,603
22112,604
22113,1513
22114,1517
22115,545
22116,547
22117,730
22118,730
22119,561
22120,563
22121,1411
22122,1411
22123,892
22124,892
22125,1518
22126,1521
22127,1122
22128,1123
22131,1543
22132,1543
22133,644
22134,644
22135,780
22136,780
22137,961
22138,961
22140,457
22143,667
22144,667
22145,136
22146,136
22147,330
22148,330
22149,1371
22150,1366
22151,1191
22152,1193
22161,290
22162,292
22163,367
22164,367
22165,656
22166,655
22168,1050
22181,883
22182,886
22187,330
22188,330
22189,238
22190,238
22191,554
22192,554
22201,527
22202,526
22203,708
22204,708
22205,553
22206,555
22207,901
22208,904
22209,1373
22210,1376
22213,538
22214,539
22307,172
22308,173
22309,560
22310,560
22321,239
22322,240
22323,757
22324,758
22351,2706
22352,2712
22356,1142
22387,269
22388,270
22401,630
22402,630
22403,2364
22404,2363
22405,1193
22406,1193
22407,780
22408,780
22409,968
22410,968
22411,2127
22412,2130
22413,1908
22414,1907
22415,2083
22416,2083
22417,768
22418,768
22419,809
22420,809
22421,623
22422,624
22423,1086
22424,1087
22427,876
22428,876
22429,553
22430,553
22431,1255
22432,1255
22433,822
22434,824
22439,655
22441,194
22442,194
22443,1607
22444,1608
22445,897
22446,897
22447,63
22448,63
22451,1580
22452,1583
22453,458
22454,458
22455,1615
22456,1618
22457,1849
22458,1852
22461,654
22462,654
22463,172
22464,173
22471,455
22472,455
22473,1211
22474,1209
22475,2478
22476,2482
22477,312
22478,311
22481,620
22482,619
22483,558
22484,558
22487,91
22488,91
22497,3101
22501,3617
22502,3617
22511,3011
22512,3006
22531,879
22532,884
22601,1391
22602,1391
22603,1779
22604,1782
22605,1984
22606,1986
22607,617
22608,616
22609,404
22610,405
22611,2295
22612,2295
22613,1661
22614,1662
22615,466
22616,469
22617,336
22618,336
22619,2494
22620,2494
22621,399
22622,398
22623,556
22624,557
22625,360
22626,361
22627,457
22628,457
22629,1758
22630,1763
22631,2560
22632,2558
22633,2841
22634,2840
22635,319
22636,320
22637,896
22638,898
22639,753
22640,755
22641,2565
22642,2564
22643,2785
22644,2782
22645,2643
22646,2648
22647,2510
22648,2508
22649,390
22650,393
22651,669
22652,671
22653,2854
22654,2852
22655,2841
22656,2840
22659,3154
22660,3152
22661,592
22662,592
22663,2353
22664,2352
22667,531
22668,532
22669,31
22670,31
22677,844
22678,845
22679,226
22680,211
22681,499
22682,498
22683,2352
22684,2338
22685,2846
22686,2845
22687,126
22688,126
22691,2337
22692,2355
22697,828
22698,829
22705,2964
22706,2965
22707,760
22708,759
22801,804
22803,664
22804,663
22805,1871
22806,1869
22807,1657
22808,1656
22809,552
22810,552
22811,1717
22812,1718
22813,490
22814,489
22815,2144
22816,2145
22817,2106
22818,2107
22819,442
22821,188
22822,189
22823,1802
22824,1802
22825,1662
22826,1661
22827,1766
22828,1759
22829,2431
22830,2431
22831,1765
22832,1764
22833,1511
22834,1514
22835,502
22836,500
22837,2234
22838,2238
22839,417
22840,417
22843,966
22844,964
22845,1771
22846,1779
22847,1662
22848,1655
22849,1590
22850,1589
22851,2485
22852,2485
22853,882
22854,880
22855,1613
22856,1612
22857,1567
22858,1566
22859,1247
22860,1247
22861,288
22862,288
22863,1957
22864,1959
22865,1853
22866,1860
22867,1255
22868,1266
22869,780
22870,780
22871,1178
22872,1178
22873,930
22874,930
22875,207
22876,207
22877,2289
22878,2293
22879,1178
22880,1178
22881,1705
22882,1706
22883,1493
22884,1504
22885,1701
22886,1704
22887,1970
22888,1973
22889,550
22890,550
22891,469
22892,466
22893,1795
22894,1801
22897,185
22898,186
22901,944
22902,945
22903,838
22904,838
22905,176
22906,176
22907,1352
22908,1348
22909,2073
22910,2075
22911,1744
22912,1745
22914,1846
22915,1404
22916,1405
22917,1610
22918,1613
22919,1721
22920,1719
22925,69
22926,69
22927,480
22928,480
22929,234
22930,234
22931,1226
22932,1227
22933,1146
22934,1147
22935,787
22936,787
22937,1600
22938,1600
22939,1689
22940,1697
22941,1393
22942,1396
22943,963
22944,963
22945,986
22946,986
22949,1342
22951,853
22952,853
22953,490
22954,490
22955,838
22956,838
22957,430
22959,556
22960,556
22961,547
22962,547
22963,780
22964,780
22965,929
22966,931
22967,1488
22968,1487
22969,2023
22970,2024
22971,1847
22972,1846
22973,2436
22974,2443
22981,918
22982,919
22983,432
22989,881
22990,881
22991,910
22992,910
22993,881
22994,881
22995,185
22996,185
23141,30
23142,30
23225,109
23226,109
23345,81
23346,81
23347,204
23348,204
24041,24
24042,24
24227,349
24228,349
24369,740
24370,740
24887,157
24888,157
25013,76
25014,76
25035,76
25036,76
25201,58
25202,58
25631,173
25632,172
25657,1358
25658,1357
28181,179
28182,179
29019,276
29020,276
30111,45
30112,33
30116,25
30121,51
30122,60
30123,49
30128,66
30135,84
30142,128
30145,102
30152,53
30154,53
30211,9
30311,28
30312,33
30313,33
30314,41
30317,41
30321,85
30322,77
30324,80
30331,55
30332,55
30333,55
30342,87
30344,87
30346,87
30351,37
30353,45
30357,33
30358,33
30361,90
30411,24
30412,24
30413,24
30414,24
30416,24
30451,24
30452,31
30511,30
30552,37
30612,46
30711,67
30712,67
31051,67
31053,67
31055,67
31111,154
31112,154
31151,116
31152,116
31191,15
31192,15
31211,25
31212,25
31213,25
31214,25
31215,25
31216,25
31217,25
31218,25
31219,25
31220,25
31221,25
31222,25
31223,25
31224,25
31225,25
31226,25
31227,25
31228,25
31229,25
31230,25
31231,25
31232,25
31233,25
31234,25
31235,25
31236,25
31237,25
31238,25
31239,25
31240,25
31241,25
31261,20
31311,55
31312,55
31313,55
31314,55
31315,55
31316,55
31317,55
31318,55
31319,55
31320,55
31321,55
31322,55
31323,55
31324,55
31325,55
31326,55
31327,55
31328,55
31329,55
31330,55
31331,55
31332,55
31333,55
31334,55
31335,55
31336,55
31337,55
31338,55
31339,55
31411,40
31412,40
31413,40
31414,40
31415,40
31416,40
31417,40
31418,40
31420,40
31421,40
31422,40
31423,40
31424,40
31425,40
31426,40
31427,40
31428,40
31429,40
31430,40
31431,40
31432,40
31433,40
31434,40
31435,40
31436,40
31437,40
31438,40
31439,40
31440,40
31441,40
31442,40
31443,40
31444,40
31445,40
31446,40
31447,40
31448,40
31449,40
31450,40
31451,40
31471,35
31511,96
31512,96
31513,96
31514,96
31515,96
31516,96
31517,96
31518,96
31519,96
31520,96
31521,96
31522,96
31523,96
31524,96
31525,96
31526,96
31527,96
31528,96
31529,96
31530,96
31531,96
31532,96
31533,96
31534,96
31535,96
31536,96
31537,96
31538,96
31539,96
31540,96
31541,96
31542,96
31571,35
31584,15
31585,15
31586,15
31601,76
31602,76
31611,76
31612,76
31613,76
31614,76
31615,76
31616,76
31617,76
31618,76
31619,76
31620,76
31621,76
31622,76
31623,76
31624,76
31625,76
31626,76
31627,76
31628,76
31629,76
31630,76
31631,76
31632,76
31633,76
31634,76
31636,76
31711,35
31712,35
31713,35
31714,35
31721,26
31722,26
31723,26
31724,26
31725,26
31726,26
31741,43
31742,43
31743,43
31744,43
31745,43
31746,43
31747,43
31748,43
31749,43
31750,43
31751,43
31752,43
31753,43
31754,43
31755,43
31756,43
31757,43
31758,43
31765,154
31766,153
31767,154
31768,153
31770,153
31771,154
31772,153
31781,20
31782,19
31783,20
31784,19
31786,19
31801,102
31802,102
31811,102
31812,102
31813,102
31814,102
31815,102
31816,102
31817,102
31818,102
31819,102
31820,102
31821,102
31822,102
31823,102
31824,102
31825,102
31826,102
31827,102
31828,102
31829,102
31830,102
31831,102
31832,102
31833,102
31834,102
31835,102
31836,102
31837,102
31838,102
31839,102
31840,102
31841,102
31842,102
31843,102
31844,102
31861,128
31862,127
31863,128
31864,127
31865,128
31866,127
31911,119
31912,119
31913,119
31914,119
31915,119
31916,119
31917,119
31918,119
31919,119
31920,119
31921,119
31922,119
31923,119
31924,119
31925,119
31926,119
31927,119
31928,119
31929,119
32211,28
32212,28
32213,28
32214,28
32215,28
32216,28
32217,28
32218,28
32219,28
32220,28
32221,28
32222,28
32223,28
32224,28
32225,28
32226,28
32227,28
32228,28
32229,28
32230,28
32231,28
32232,28
32233,28
32234,28
32235,28
32236,28
32237,28
32238,28
32239,28
32240,28
32241,28
32242,28
32243,28
32244,28
32245,28
32246,28
32247,28
32248,28
32249,28
32250,28
32252,28
32411,39
32412,39
32413,39
32414,39
33061,66
33212,9
33231,15
33232,15
33262,15
33271,50
33282,67
33291,18
33311,52
33312,52
33313,52
33314,52
33315,52
33316,52
33317,52
33318,52
33319,52
33320,52
33321,52
33323,52
33325,52
33351,22
33357,7
33361,54
33362,54
33363,54
33364,54
33365,54
33366,54
33367,54
33382,35
33401,24
33402,25
33411,12
33412,12
33421,20
33422,20
33431,24
33432,25
33433,24
33434,25
33435,24
33436,25
33437,24
33438,25
33439,24
33440,25
33441,24
33443,24
33445,24
33447,24
33511,77
33512,77
33513,77
33514,77
33515,77
33516,77
33517,77
33518,77
33519,77
33520,77
33521,77
33522,77
33523,77
33524,77
33525,77
33526,77
33527,77
33528,77
33529,77
33530,77
33531,77
33532,77
33533,77
33534,77
33536,77
33538,77
33611,32
33612,32
33613,32
33614,32
33615,32
33616,32
33617,32
33618,32
33619,32
33620,32
33621,32
33622,32
33623,32
33624,32
33626,32
33628,32
33630,32
33651,47
33652,47
33653,47
33654,47
33655,47
33656,47
33657,47
33658,47
33659,47
33660,47
33664,47
33666,47
33681,59
33682,60
33685,59
33686,60
33687,59
33688,60
33711,32
33712,32
33713,32
33714,32
33715,32
33716,32
33717,32
33718,32
33719,32
33720,32
33721,32
33722,32
33723,32
33724,32
33725,32
33726,32
33727,32
33728,32
33729,32
33730,32
33731,32
33732,32
33733,32
33734,32
33735,32
33736,32
33737,32
33738,32
33739,32
33751,52
33752,52
33801,79
33802,79
33811,79
33812,79
33813,79
33814,79
33815,79
33816,79
33817,79
33818,79
33819,79
33820,79
33821,79
33822,79
33823,79
33824,79
33825,79
33826,79
33827,79
33828,79
33829,79
33830,79
33831,79
33832,79
33833,79
33834,79
33835,79
33836,79
33837,79
33838,79
33839,79
33840,79
33841,79
33842,79
33843,79
33844,79
33845,79
33846,79
33847,79
33848,79
33849,79
33850,79
33851,79
33852,79
33853,79
33854,79
33855,79
33856,79
33857,79
33858,79
33859,79
33860,79
33861,79
33863,79
33895,65
33896,65
34052,67
34054,67
34056,82
34062,120
34111,30
34112,30
34113,30
34114,30
34115,30
34116,30
34117,30
34118,30
34119,30
34120,30
34121,30
34122,30
34123,30
34124,30
34125,30
34126,30
34127,30
34128,30
34129,30
34130,30
34131,30
34132,30
34133,30
34134,30
34135,30
34136,30
34137,30
34138,30
34139,30
34140,30
34141,30
34142,30
34143,30
34144,30
34145,30
34146,30
34147,30
34148,30
34149,30
34150,30
34151,30
34152,30
34153,30
34154,30
34155,30
34156,30
34157,30
34158,30
34159,30
34160,30
34161,30
34162,30
34163,30
34164,30
34165,30
34166,30
34311,8
34312,8
34313,8
34331,36
34332,36
34334,36
34351,29
34352,28
34353,29
34354,29
34355,29
34356,29
34358,29
34360,28
34411,16
34412,16
34413,16
34414,16
34415,16
34416,16
34417,16
34418,16
34419,16
34420,16
34421,16
34422,16
34423,16
34424,16
34425,16
34426,16
34427,16
34428,16
34429,16
34430,16
34431,16
34432,16
34434,16
34436,16
34501,45
34502,45
34511,45
34512,45
34513,45
34514,45
34515,45
34516,45
34517,45
34518,45
34519,45
34520,45
34521,45
34522,45
34523,45
34524,45
34525,45
34526,45
34527,45
34528,45
34529,45
34530,45
34531,45
34532,45
34533,45
34534,45
34535,45
34536,45
34537,45
34538,45
34539,45
34540,45
34541,45
34542,45
34543,45
34544,45
34545,45
34546,45
34547,45
34548,45
34549,45
34550,45
34551,45
34552,45
34553,45
34554,45
34555,45
34557,45
34601,24
34602,24
34611,24
34612,24
34613,24
34614,24
34615,24
34616,24
34617,24
34618,24
34619,24
34620,24
34621,24
34622,24
34623,24
34624,24
34625,24
34626,24
34627,24
34628,24
34629,24
34630,24
34631,24
34632,24
34633,24
34634,24
34635,24
34636,24
34637,24
34638,24
34639,24
34640,24
34641,24
34642,24
34643,24
34644,24
34645,24
34646,24
34647,24
34648,24
34711,61
34712,61
34713,61
34714,61
34715,61
34716,61
34717,61
34718,61
34719,61
34720,61
34721,61
34722,61
34723,61
34724,61
34725,61
34726,61
34727,61
34728,61
34729,61
34730,61
34731,61
34732,61
34733,61
34734,61
34735,61
34736,61
34737,61
34738,61
34739,61
34740,61
34741,61
34742,61
34743,61
34744,61
34745,61
34746,61
34747,61
34748,61
34749,61
34750,61
34751,61
34752,61
34753,61
34754,61
34755,61
34757,61
34782,94
34791,108
34792,108
34793,108
34794,108
34811,59
34812,59
34813,59
34814,59
34815,59
34816,59
34817,59
34818,59
34819,59
34820,59
34821,59
34822,59
34823,59
34824,59
34825,59
34826,59
34827,59
34828,59
34829,59
34830,59
34831,59
34832,59
34833,59
34834,59
34835,59
34836,59
34837,59
34838,59
34839,59
34840,59
34841,59
34842,59
34843,59
34844,59
34845,59
34846,59
34847,59
34848,59
34849,59
34850,59
34851,59
34852,59
34853,59
34854,59
34855,59
34856,59
34857,59
34858,59
34859,59
34860,59
34881,43
34882,43
34891,34
34892,34
34898,39
34899,39
34911,46
34912,46
34913,46
34914,46
34915,46
34916,46
34917,46
34918,46
34919,46
34920,46
34921,46
34922,46
34923,46
34924,46
34925,46
34926,46
34927,46
34928,46
34929,46
34930,46
34931,46
34932,46
34933,46
34934,46
34981,33
35011,26
35012,26
35013,26
35014,26
35015,26
35016,26
35017,46
35018,46
35019,26
35020,26
35021,26
35022,26
36011,26
36012,26
36031,40
36032,40
36033,40
36034,40
36035,40
36036,40
36037,40
36038,40
36071,58
36072,58
36081,72
36082,72
36083,72
36084,72
36085,72
36086,72
36087,72
36088,72
36811,94
36812,94
36813,94
36814,94
36815,94
36816,94
36817,94
36818,94
36819,94
36820,94
36821,94
36822,94
36823,94
36824,94
36825,94
36826,94
36827,94
36828,94
36829,94
36830,94
36831,94
36832,94
36833,94
36834,94
36835,94
36836,94
36837,94
36838,94
36839,94
36840,94
36841,94
36842,94
36843,94
36844,94
36845,94
36846,94
36847,94
36848,94
36849,94
36850,94
36851,94
36852,94
36853,94
36854,94
36855,94
36856,94
36858,94
36860,94
37011,19
37012,19
37013,19
37014,19
37017,19
37018,19
37019,19
37020,19
37021,19
37022,19
37041,22
37042,22
37043,22
37044,22
37045,22
37046,22
37047,22
37048,22
37049,22
37050,22
37053,22
37054,22
37055,22
37056,22
37057,22
37058,22
37060,22
37061,22
37062,22
37063,22
37064,22
37065,22
37066,22
37067,22
37068,22
37111,6
37112,6
37113,6
37114,6
37115,6
37116,6
37117,6
37118,6
37119,6
37120,6
37121,6
37122,6
37201,39
37202,39
37211,39
37212,39
37213,39
37214,39
37215,39
37216,39
37217,39
37218,39
37219,39
37220,39
37221,39
37222,39
37223,39
37224,39
37225,39
37226,39
37227,39
37228,39
37229,39
37230,39
37231,39
37232,39
37233,39
37234,39
37235,39
37236,39
37237,39
37238,39
37239,39
37240,39
37241,39
37242,39
37243,39
37244,39
37245,39
37246,39
37247,39
37248,39
37249,39
37250,39
37251,39
37252,39
37253,39
37254,39
37255,39
37256,39
37257,39
37258,39
37259,39
37260,39
37261,39
37262,39
37263,39
37264,39
37265,39
37266,39
37267,39
37268,39
37269,39
37270,39
37271,39
37272,39
37273,39
37274,39
37275,39
37276,39
37277,39
37278,39
37279,39
37280,39
37281,39
37282,39
37283,39
37284,39
37285,39
37286,39
37287,39
37288,39
37289,39
37290,39
37291,39
37303,33
37304,33
37305,33
37306,33
37307,44
37308,44
37311,57
37312,57
37313,57
37314,57
37315,57
37316,57
37317,57
37318,57
37319,57
37320,57
37321,57
37322,57
37323,57
37324,57
37325,57
37326,57
37327,57
37328,57
37329,57
37330,57
37331,57
37332,57
37333,57
37334,57
37335,57
37336,57
37337,57
37338,57
37339,57
37340,57
37341,57
37342,57
37343,57
37344,57
37345,57
37346,57
37347,57
37348,57
37349,57
37350,57
37351,57
37352,57
37354,57
37361,81
37362,81
37363,81
37364,81
37365,81
37366,81
37367,81
37368,81
37371,81
37372,81
37373,81
37374,81
37375,81
37376,81
37378,81
37379,81
37385,24
37386,24
37387,24
37388,24
37389,24
37390,24
37391,24
37392,24
37394,24
37411,34
37412,34
37413,34
37414,34
37511,30
37512,30
37521,8
37522,8
37523,8
37524,8
37525,8
37526,8
37527,8
37528,8
37529,8
37530,8
37531,8
37532,8
37533,8
37534,8
37535,8
37536,8
37537,8
37538,8
37539,8
37540,8
37541,8
37542,8
37543,8
37544,8
37545,8
37546,8
37547,8
37548,8
37549,8
37550,8
37551,8
37552,8
37553,8
37554,8
37555,8
37556,8
37557,8
37558,8
37611,60
37612,60
37614,60
37651,81
37652,81
37653,81
37654,81
37655,81
37656,81
37657,81
37658,81
37711,21
37731,42
37732,42
37741,104
37742,104
37743,104
37744,104
37745,104
37746,104
37747,104
37748,104
37750,104
37751,104
37752,104
37753,104
37754,104
37756,104
37757,104
37758,104
37781,67
37782,67
37783,67
37784,67
37785,67
37786,67
37811,106
37812,106
37813,106
37814,106
37815,106
37816,106
37817,106
37818,106
37819,106
37820,106
37821,106
37822,106
37823,106
37824,106
37825,106
37826,106
37827,106
37828,106
37829,106
37830,106
37831,106
37832,106
37833,106
37834,106
37835,106
37836,106
37837,106
37838,106
37839,106
37840,106
37841,106
37842,106
37843,106
37844,106
37845,106
37846,106
37847,106
37848,106
37849,106
37850,106
37851,106
37852,106
37853,106
37854,106
37855,106
37857,106
37911,143
37912,144
37913,143
37914,144
37915,144
37916,144
37917,143
37918,144
37919,144
37920,144
37921,143
37922,144
37923,144
37924,144
37925,144
37926,144
37927,143
37928,144
38031,5
38032,5
38033,5
38034,5
38036,5
38051,140
38052,139
38053,136
38054,68
38055,68
38056,137
38057,140
38058,139
38101,24
38102,24
38103,32
38104,32
38105,32
38106,32
38107,24
38108,32
38202,45
38204,45
38206,37
38301,50
38302,58
38303,58
38304,58
38305,56
38306,58
38307,58
38308,58
38310,55
38312,58
38314,58
38316,50
38318,58
38321,58
38401,71
38402,70
38403,71
38404,70
38405,71
38406,70
38407,63
38408,70
38409,71
38410,70
38411,71
38412,70
38413,71
38414,70
38416,70
38419,71
38421,71
38423,71
38425,71
38427,71
38431,71
38433,71
38437,71
38447,71
38449,71
38451,71
38452,70
38453,71
38454,70
38455,71
38456,70
38501,90
38502,91
38601,54
38602,54
38701,115
38702,115
38703,115
38704,115
38705,115
38706,115
38707,115
38708,115
38709,107
38710,115
38711,115
38713,115
38719,115
38726,115
38728,115
38730,115
38801,128
38802,128
38803,128
38804,128
38805,128
38806,128
38807,128
38808,128
38809,128
38810,128
38811,128
38812,128
38813,128
38814,128
38815,128
38816,128
38817,128
38818,128
38819,128
38820,128
38821,128
38822,128
38823,128
38824,128
38825,129
38826,128
38827,128
38828,128
38829,128
38830,128
38831,128
38832,12
38902,44
38905,51
38908,49
38909,51
38923,51
38924,49
40001,29
40002,29
40003,29
40004,29
40005,29
40006,29
40007,29
40008,29
40009,29
40010,29
40011,29
40012,29
40013,29
40014,29
40015,29
40016,29
40017,29
40018,29
40019,23
40020,29
40021,17
40022,29
40023,29
40025,29
40026,29
40027,29
40028,29
40029,29
40030,29
40031,29
40032,29
40033,29
40034,29
40035,29
40036,29
40037,29
40038,29
40039,29
40040,29
40041,29
40042,17
40043,29
40044,23
40045,29
40046,29
40047,29
40048,29
40049,29
40050,29
40051,29
40052,29
40053,29
40054,29
40055,29
40056,29
40057,29
40058,29
40059,29
40060,29
40061,29
40062,29
40063,29
40064,29
40065,29
40066,29
40067,29
40068,29
40069,29
40070,29
40071,29
40072,29
40073,29
40074,29
40075,29
40076,29
40077,29
40078,29
40079,29
40080,29
40081,29
40082,29
40083,29
40084,29
40085,29
40086,29
40087,29
40088,29
40089,29
40090,29
40091,29
40092,29
40093,29
40094,29
40095,29
40096,29
40097,29
40098,29
40099,29
40100,29
40101,29
40102,29
40103,29
40104,29
40105,29
40106,29
40107,29
40108,29
40109,29
40110,29
40111,29
40112,29
40113,29
40114,29
40115,29
40116,29
40117,29
40118,29
40119,29
40120,29
40121,29
40122,29
40123,29
40124,29
40125,29
40126,29
40127,29
40128,29
40129,29
40130,29
40131,29
40132,29
40133,29
40134,29
40135,29
40136,29
40137,29
40138,29
40139,29
40140,29
40141,29
40142,29
40143,29
40144,29
40145,29
40146,29
40147,29
40148,29
40150,29
40151,29
40152,29
40153,29
40154,29
40155,29
40156,29
40157,29
40158,29
40301,29
40302,29
40303,29
40304,29
40305,29
40306,29
40307,29
40308,29
40309,29
40310,29
40311,29
40312,29
40313,29
40314,29
40315,29
40316,29
40317,29
40318,29
40319,29
40320,29
40321,29
40322,29
40323,29
40324,29
40325,29
40326,29
40327,29
40328,29
40329,29
40330,29
40331,29
40332,29
40333,29
40334,29
40335,29
40336,29
40337,29
40338,29
40339,29
40340,29
40341,29
40342,29
40343,29
40344,29
40345,29
40346,29
40347,29
40348,29
40349,29
40350,29
40351,29
40352,29
40353,29
40354,29
40355,29
40356,29
40357,29
40358,29
40359,29
40360,29
40361,29
40362,29
40363,29
40364,29
40365,29
40366,29
40367,29
40368,29
40369,29
40370,29
40371,29
40372,29
40373,29
40374,29
40375,29
40376,29
40377,29
40378,29
40379,29
40380,29
40381,29
40382,29
40383,29
40384,29
40385,29
40386,29
40387,29
40388,29
40389,29
40390,29
40391,29
40392,29
40393,29
40394,29
40395,29
40396,29
40397,29
40398,29
40399,29
40400,29
40401,29
40402,29
40403,29
40404,29
40405,29
40406,29
40407,29
40408,29
40409,29
40410,29
40411,29
40412,29
40413,29
40414,29
40415,29
40416,29
40417,29
40418,29
40419,29
40420,29
40421,29
40422,29
40501,59
40502,59
40503,59
40504,59
40505,59
40506,59
40507,59
40508,59
40509,59
40510,59
40511,59
40512,59
40513,59
40514,59
40515,59
40516,59
40517,59
40518,59
40519,59
40520,59
40522,59
40523,59
40524,59
40525,59
40526,59
40527,59
40528,59
40529,59
40531,59
40532,59
40533,59
40534,59
40535,59
40536,59
40538,59
40539,59
40540,59
40541,59
40542,59
40543,59
40544,59
40545,59
40547,59
40548,59
40549,59
40550,59
40551,59
40552,59
40553,59
40554,59
40555,59
40556,59
40557,59
40558,59
40559,59
40560,59
40561,59
40562,59
40563,59
40564,59
40565,59
40566,59
40567,59
40568,59
40569,59
40570,59
40571,59
40572,59
40573,59
40574,59
40601,59
40602,59
40603,59
40604,59
40605,59
40606,59
40607,59
40608,59
40609,59
40610,59
40612,59
40613,59
40614,59
40615,59
40616,59
40617,59
40618,59
40619,59
40621,59
40622,59
40623,59
40624,59
40625,59
40626,59
40627,59
40628,59
40629,59
40630,59
40631,59
40632,59
40633,59
40634,59
40635,59
40636,59
40637,59
40638,59
40639,59
40640,59
40641,59
40642,59
40643,59
40644,59
40645,59
40646,59
40647,59
40648,59
40649,59
40650,59
40651,59
40652,59
40653,59
40654,59
40655,59
40656,59
40657,59
40658,59
40659,59
40660,59
40661,59
40662,59
40663,59
40664,59
40665,59
40666,59
40701,108
40702,108
40704,108
40705,108
40706,108
40707,108
40708,108
40709,108
40711,108
40712,108
40751,108
40752,108
40754,108
40755,108
40756,108
40757,108
40758,108
40759,108
40761,108
40762,108
40801,95
40802,95
40803,95
40804,95
40901,48
40902,48
41001,14
41003,14
41006,14
41008,14
41009,14
41012,14
41013,14
41014,14
41015,14
41016,14
41017,14
41020,14
41021,14
41022,14
41023,14
41024,14
41028,14
41029,14
41033,14
41035,14
41036,14
41038,14
41040,14
41042,14
41043,14
41046,14
41048,14
41050,14
41051,14
41055,14
41056,14
41057,14
41060,14
41061,14
41063,14
41064,14
41065,14
41069,14
41070,14
41073,14
41076,14
41077,14
41078,14
41079,14
41080,14
41081,14
41082,14
41084,14
41085,14
41086,14
41089,14
41091,14
41092,14
41093,14
41095,14
41096,14
41097,14
41102,14
41103,14
41104,14
41105,14
41108,14
41110,14
41111,14
41113,14
41116,14
41117,14
41119,14
41120,14
41122,14
41127,14
41128,14
41129,14
41130,14
41131,14
41132,14
41134,14
41135,14
41138,14
41140,14
41501,14
41502,14
41503,14
41504,14
41505,14
41506,14
41507,14
41508,14
41509,14
41510,14
41511,14
41512,14
41513,14
41514,14
41515,14
41516,14
41517,14
41518,14
41519,14
41520,14
41521,14
41522,14
41523,14
41524,14
41525,14
41526,14
41527,14
41528,14
41529,14
41530,14
41531,14
41532,14
41533,14
41534,14
41535,14
41536,14
41537,14
41538,14
41539,14
41540,14
41541,14
41542,14
41543,14
41544,14
41545,14
41546,14
41547,14
41548,14
41549,14
41550,14
41551,14
41552,14
41553,14
41554,14
41555,14
41556,14
41557,14
41558,14
41559,14
41560,14
41561,14
41562,14
41563,14
41564,14
41565,14
41566,14
41567,14
41568,14
41569,14
41570,14
41571,14
41572,14
41573,14
41574,14
41575,14
41576,14
41577,14
41578,14
41579,14
41580,14
41581,14
41582,14
41583,14
41584,14
41585,14
41586,14
41587,14
41588,14
41589,14
41590,14
41593,14
41594,14
41597,14
41598,14
41599,14
41600,14
42001,47
42002,47
42003,47
42004,47
42005,47
42006,47
42007,47
42008,47
42009,47
42010,47
42011,47
42012,47
42013,47
42014,47
42015,47
42016,47
42017,47
42018,47
42019,47
42020,47
42021,47
42022,47
42023,47
42024,47
42025,47
42026,47
42027,47
42028,47
42029,47
42030,47
42031,47
42032,47
42033,47
42034,47
42035,47
42036,47
42037,47
42038,47
42039,47
42040,47
42041,47
42042,47
42043,47
42044,47
42045,47
42046,47
42301,34
42302,34
42401,82
42402,82
42403,82
42404,82
42406,82
42407,82
42408,82
42409,82
42411,82
42412,82
42413,82
42414,82
42416,82
42417,82
42419,82
42420,82
42421,82
42422,82
42423,82
42451,35
42452,35
42601,47
42602,47
42603,47
42604,47
42605,47
42606,47
42607,47
42608,47
42651,62
42652,62
42653,62
42654,62
42655,62
42656,62
42657,62
42701,35
42702,34
42751,50
42752,49
42801,82
42802,82
42804,82
42851,97
42852,97
42854,97
42901,16
43001,20
43002,21
43003,20
43005,20
43006,21
43007,20
43008,21
43009,20
43011,20
43013,20
43014,21
43015,20
43016,21
43017,20
43018,21
43019,20
43020,21
43021,20
43022,21
43023,20
43025,20
43029,20
43101,30
43102,31
43103,30
43104,31
43105,30
43106,31
43107,30
43108,31
43109,30
43110,31
43111,30
43112,31
43113,30
43114,31
43115,30
43116,31
43117,30
43118,31
43119,30
43120,31
43121,30
43122,31
43123,25
43124,31
43125,25
43126,31
43127,25
43128,31
43130,31
43132,31
43201,46
43202,46
43203,46
43204,46
43205,46
43206,46
43207,46
43208,46
43209,46
43210,46
43211,46
43212,46
43213,46
43214,46
43215,46
43216,41
43217,46
43218,46
43219,46
43220,46
43221,46
43222,41
43223,46
43224,46
43225,46
43226,46
43227,41
43228,46
43229,46
43230,46
43231,46
43232,46
43233,46
43234,46
43235,46
43236,46
43237,46
43238,46
43239,46
43240,46
43241,46
43242,46
43243,46
43244,46
43245,46
43246,46
43247,41
43248,46
43250,46
43251,41
43252,46
43253,41
43254,46
43255,41
43256,46
43257,41
43258,46
43260,46
43401,68
43402,73
43403,73
43404,73
43405,73
43406,73
43407,73
43408,68
43409,73
43410,68
43411,73
43412,73
43413,73
43414,73
43415,73
43418,73
43419,73
43420,73
43421,73
43422,73
43423,68
43424,68
43425,73
43426,68
43427,73
43428,73
43429,68
43430,73
43431,68
43433,68
43434,73
43435,68
43436,73
43437,68
43438,73
43439,68
43501,86
43502,86
43503,86
43504,86
43505,86
43506,86
43507,86
43508,86
43509,86
43510,86
43511,86
43512,86
43513,86
43514,86
43515,86
43516,86
43517,80
43518,81
43520,81
43551,12
43552,12
43553,12
43554,12
43556,12
43601,22
43602,22
43603,22
43604,22
43605,22
43606,22
43607,22
43608,22
43610,22
43611,22
43612,22
43613,22
43614,22
43615,22
43616,22
43618,22
43620,22
43622,22
43650,22
43651,36
43652,37
43653,36
43654,37
43655,36
43656,37
43657,36
43658,37
43659,36
43660,37
43661,36
43662,37
43663,36
43664,37
43666,37
43668,37
43670,37
43672,37
43674,37
43701,48
43702,48
43703,48
43704,48
43705,48
43706,48
43707,48
43708,48
43709,48
43710,48
43711,48
43713,42
43715,48
43751,32
43752,32
43753,32
43754,32
43755,32
43757,32
43761,57
43762,57
43763,57
43764,57
43765,57
43766,57
43767,57
43768,57
43769,57
43770,57
43771,57
43773,57
43791,46
43792,47
43793,46
43794,42
43795,46
43797,46
43801,74
43802,75
43803,74
43804,70
43805,74
43806,70
43820,82
43821,82
43823,82
43831,20
43832,20
43841,52
43842,47
43844,47
43847,65
43851,70
43852,75
43861,51
43872,29
43882,34
43891,4
43892,10
43901,52
43902,52
43903,52
43904,52
43912,53
43921,5
43932,84
43934,84
43936,84
43938,84
43941,97
43942,97
43943,97
43952,63
47100,25
47101,25
47102,25
47103,25
47104,25
47105,25
47106,25
47107,25
47108,25
47109,25
47110,25
47111,25
47112,25
47113,25
47114,25
47115,25
47116,25
47117,25
47118,25
47119,25
47120,25
47121,25
47122,25
47123,25
47124,25
47125,25
47126,23
47127,23
47128,23
47129,23
47130,23
47131,23
47132,23
47133,23
47134,23
47135,23
47136,23
47137,23
47138,23
47139,23
47140,23
47141,23
47142,23
47143,23
47144,23
47145,23
47146,23
47147,23
47148,23
47149,37
47150,37
47151,37
47152,37
47153,37
47154,37
47155,37
47156,37
47157,37
47158,37
47159,37
47160,37
47161,37
47162,37
47163,37
47164,37
47165,37
47166,37
47167,37
47168,14
47169,37
47170,37
47171,37
47172,14
47173,37
47174,37
47175,37
47176,37
47177,37
47178,37
47179,37
47180,37
47181,37
47182,37
47183,37
47184,37
47185,37
47186,37
47187,37
47188,37
47189,37
47190,37
47191,37
47192,37
47193,37
47194,37
47195,22
47196,9
47197,24
47198,37
47199,24
47200,24
47201,24
47202,24
47203,37
47204,14
47205,14
47206,25
47207,37
47208,25
47209,25
47210,37
47211,37
47212,37
47213,37
47214,37
47215,37
47216,37
47217,37
47218,37
47219,37
47220,37
50101,251
50102,244
50103,347
50104,349
50105,486
50106,476
50107,78
50108,83
50119,27
50120,27
51027,430
51028,430
51029,565
51030,566
51033,187
51034,187
51111,56
51112,56
51113,56
51114,56
51115,56
51116,56
51135,9
51136,9
51137,9
51138,9
51139,9
51140,9
51141,9
51142,9
51145,9
51146,9
51147,9
51148,9
51149,9
51150,9
51151,108
51152,109
51153,444
51154,444
51157,306
51158,306
51181,262
51182,262
51183,361
51184,339
51187,642
51188,642
51189,610
51190,609
51195,132
51196,132
51197,318
51198,318
51239,22
51240,22
51253,115
51254,115
51255,88
51256,88
51259,78
51260,78
51261,104
51262,104
51285,397
51286,397
51293,167
51294,167
51317,91
51318,91
51347,120
51348,43
51350,77
51401,314
51402,311
51405,212
51406,212
51407,47
51408,47
51409,325
51410,326
51411,229
51412,208
51419,278
51420,279
51421,769
51422,769
51423,123
51424,123
51425,427
51426,437
51427,47
51428,47
51429,54
51430,54
51431,188
51432,188
51433,523
51434,511
51435,145
51436,145
51437,189
51438,189
51441,180
51442,180
51451,120
51452,121
51458,20
51461,137
51462,137
51463,137
51464,137
51601,261
51602,264
51603,263
51604,266
51605,256
51606,253
51607,118
51608,118
51609,118
51610,118
51611,303
51612,303
51671,434
51672,434
51673,434
51674,434
51675,316
51676,316
51678,81
51679,316
51680,316
51685,32
51686,33
51687,32
51688,33
51701,238
51702,238
51703,124
51704,121
51705,121
51706,121
51708,124
51753,401
51754,403
51755,86
51756,86
51763,77
51764,77
51765,77
51766,77
51803,221
51804,221
51805,291
51806,291
51807,191
51811,151
51812,151
51813,295
51814,295
51815,204
51816,204
51817,254
51818,254
51821,63
51822,63
51827,381
51828,381
51829,297
51830,297
51831,204
51832,204
51861,13
51862,13
51863,13
51864,13
51865,13
51866,13
51867,13
51868,13
51869,13
51870,13
51881,107
51882,107
51883,345
51884,345
51885,152
51886,154
51901,190
51902,194
51905,93
51906,90
51907,70
51908,70
51909,163
51910,163
51911,163
51912,163
51913,163
51914,160
51915,52
51916,51
51971,122
51972,123
51973,273
51974,273
52073,202
52074,202
52075,202
52076,202
52171,186
52172,186
52173,92
52174,92
52175,92
52176,92
52177,103
52178,103
52179,70
52180,70
52181,58
52182,27
52183,39
52184,70
52205,67
52206,67
52207,67
52208,67
52221,67
52222,67
52223,67
52224,67
52225,67
52226,67
52229,84
52230,84
52231,84
52232,84
52233,83
52234,84
52235,83
52236,84
52239,78
52240,78
52241,205
52242,205
52251,205
52252,205
52253,205
52254,205
52255,205
52256,205
52257,205
52258,205
52259,205
52260,205
52263,54
52264,54
52265,54
52266,54
52267,54
52268,54
52297,84
52298,84
52451,95
52452,95
52453,95
52454,95
52455,95
52456,95
52457,95
52458,95
52461,93
52462,104
52463,156
52464,176
52465,162
52466,185
52467,162
52468,185
52469,164
52470,169
52471,192
52472,215
52473,191
52474,213
52540,87
52541,87
52570,30
52571,30
52587,30
52588,30
52591,12
52592,12
52593,12
52594,12
52595,12
52596,12
52597,12
52598,12
52599,12
52911,134
52912,134
52913,134
52914,134
52929,189
52930,189
52931,104
52932,104
52933,189
52934,154
52935,154
52938,175
52939,175
52940,154
52941,154
52942,154
52943,154
52944,154
52945,154
52946,189
52947,104
52948,104
52949,95
52950,95
52951,159
52952,159
52953,70
52954,70
52955,133
52956,133
52963,63
52964,63
52973,63
52974,63
52975,63
52976,63
52987,63
52988,63
53001,209
53002,216
53005,65
53006,72
53007,131
53008,131
53009,65
53010,72
53011,65
53012,72
53013,72
53014,72
53015,65
53016,72
53017,72
53018,72
53019,65
53020,65
53021,142
53022,142
53023,59
53024,59
53025,59
53026,59
53027,112
53028,112
53029,217
53030,217
53031,59
53034,59
53035,87
53036,87
53037,74
53038,74
53041,718
53042,718
53043,653
53044,653
53045,286
53046,287
53047,218
53048,218
53049,453
53050,454
53061,348
53062,346
53063,194
53064,194
53068,111
53069,111
53073,137
53074,137
53075,82
53076,82
53081,64
53131,571
53132,572
53137,82
53138,82
53139,324
53140,325
53171,231
53172,229
53175,231
53176,229
53177,230
53178,229
53179,223
53180,222
53181,230
53186,229
53207,42
53208,42
53209,71
53210,71
53211,146
53212,146
53213,94
53214,88
53221,53
53222,53
53223,53
53224,53
53225,140
53226,140
53229,108
53230,108
53231,154
53232,154
53323,27
53324,27
53327,56
53328,56
53333,27
53334,27
53343,460
53344,460
53345,223
53346,223
53347,258
53348,258
53349,159
53350,159
53351,304
53352,304
53357,316
53358,316
53363,85
53364,85
53365,87
53366,87
53369,87
53370,87
53371,139
53372,139
53373,139
53374,139
53401,103
53402,103
53403,433
53404,174
53405,137
53406,137
53408,259
53411,54
53412,54
53415,127
53416,127
53417,233
53418,233
53423,45
53424,44
53431,127
53432,127
53433,87
53434,87
53435,65
53436,65
53441,71
53442,72
53443,71
53444,73
53445,71
53446,72
53447,50
53448,51
53449,50
53450,51
53451,41
53452,41
53479,45
53480,44
53481,11
53482,11
53483,11
53484,11
53485,11
53486,11
53487,11
53488,11
53489,11
53490,11
53491,11
53492,11
53493,11
53494,11
53495,11
53496,11
53497,52
53498,52
53511,38
53512,37
53513,38
53514,37
53515,38
53516,37
53517,38
53518,37
53519,38
53520,37
53523,188
53524,188
53525,453
53526,453
53551,70
53552,70
53553,70
53554,70
53555,70
53556,70
53611,159
53612,159
53615,174
53616,174
53623,183
53624,183
53625,129
53626,129
53627,129
53628,129
53629,129
53630,129
53631,129
53632,129
53641,53
53642,53
53643,18
53644,18
53645,18
53646,18
53647,18
53648,18
54001,73
54002,73
54005,119
54006,141
54007,141
54008,141
54009,141
54010,33
54011,227
54012,227
54013,49
54014,49
54015,49
54016,49
54018,49
54019,81
54023,57
54024,127
54025,60
54026,71
54031,127
54032,127
54033,160
54034,127
54035,199
54036,199
54037,120
54038,119
54039,120
54040,119
54041,120
54042,119
54043,327
54044,327
54045,257
54046,257
54047,120
54048,119
54049,141
54050,141
54051,123
54052,123
54053,128
54054,128
54055,160
54056,160
54057,93
54058,93
54059,90
54060,93
54075,408
54076,408
54077,110
54078,110
54085,82
54086,82
54091,24
54092,24
54101,208
54102,208
54103,120
54104,120
54107,113
54108,113
54109,214
54110,214
54152,77
54153,167
54154,167
54155,138
54156,139
54158,136
54159,397
54161,261
54162,261
54201,37
54211,128
54212,128
54221,57
54222,57
54223,57
54224,57
54225,37
54226,37
54227,37
54228,37
54231,127
54232,127
54233,127
54234,127
54237,46
54238,45
54239,38
54240,38
54243,38
54244,38
54251,508
54252,518
54253,225
54254,225
54255,301
54256,301
54261,75
54262,57
54263,143
54264,143
54265,143
54266,143
54267,18
54268,18
54270,18
54271,198
54272,198
54273,97
54274,97
54281,139
54282,139
54283,139
54284,139
54291,128
54292,128
54293,172
54294,172
54303,266
54304,331
54307,160
54308,160
54309,82
54310,82
54311,110
54312,110
54313,43
54314,43
54321,64
54322,64
54323,98
54324,97
54325,176
54326,176
54327,86
54328,86
54329,95
54330,95
54331,68
54332,68
54333,323
54334,323
54335,117
54336,117
54341,131
54342,131
54351,164
54352,164
54353,164
54354,164
54355,78
54356,78
54371,150
54372,150
54373,150
54374,150
54375,107
54376,107
54377,429
54378,429
54381,106
54382,106
54383,106
54384,106
54385,24
54386,24
54387,24
54388,24
54389,24
54390,24
54391,142
54392,142
54393,53
54394,53
54395,159
54396,159
54397,47
54398,47
54401,92
54402,92
54403,92
54404,92
54405,92
54406,92
54411,160
54412,160
54413,82
54414,82
54416,82
54417,82
54420,82
54421,82
54423,119
54424,119
54461,415
54462,416
54463,233
54464,233
54465,142
54466,142
54467,73
54468,73
54469,73
54470,73
54471,283
54472,283
54473,189
54474,189
54475,243
54476,243
54481,22
54482,22
54483,22
54484,22
54485,22
54486,22
54531,69
54532,69
54539,272
54540,272
54541,194
54542,194
54551,201
54552,201
54553,106
54555,95
54556,201
54557,53
54558,53
54559,116
54560,116
54561,87
54562,87
54563,87
54564,87
54571,123
54572,123
54575,77
54576,77
54581,43
54582,43
54601,345
54602,415
54603,209
54604,209
54605,279
54606,209
54611,106
54612,106
54613,106
54614,106
54615,106
54616,106
54621,115
54622,115
54625,87
54626,87
54631,207
54632,229
54633,291
54634,269
54635,209
54636,209
54637,42
54638,42
54641,384
54642,384
54643,117
54644,117
54645,123
54646,123
54651,53
54654,53
54701,319
54702,394
54703,661
54704,601
54751,413
54752,412
54753,126
54754,126
54755,126
54756,126
54757,327
54758,327
54759,137
54760,125
54761,125
54762,125
54763,190
54764,190
54765,95
54766,95
54781,300
54782,300
54783,422
54784,423
54785,88
54786,88
54787,82
54788,82
54789,384
54790,384
54791,279
54792,279
54793,212
54794,212
54803,457
54804,455
54805,618
54806,621
54809,542
54810,543
54813,208
54819,300
54820,300
54822,21
54825,88
54826,87
54833,367
54834,367
54835,142
54836,143
54881,118
54882,118
55001,164
55002,164
55007,290
55008,290
55009,108
55010,109
55011,118
55012,119
55013,200
55014,201
55017,132
55018,134
55019,178
55020,179
55021,225
55022,225
55025,152
55026,153
55027,152
55028,153
55029,150
55030,150
55031,339
55032,332
55033,160
55034,163
55035,159
55036,158
55037,103
55038,97
55041,150
55042,189
55043,81
55044,81
55045,90
55046,90
55049,332
55050,340
55051,81
55052,81
55055,39
55056,38
55071,150
55072,150
55073,150
55074,150
55075,166
55076,166
55077,112
55078,112
55079,189
55080,150
55081,150
55082,150
55101,30
55102,30
55103,30
55104,30
55105,20
55106,20
55107,28
55108,28
55109,28
55110,28
55111,28
55112,28
55113,28
55114,28
55115,108
55116,109
55119,227
55120,227
55122,164
55123,156
55125,118
55126,118
55127,118
55128,118
55129,118
55130,118
55131,200
55132,201
55133,136
55134,136
55135,131
55136,131
55137,167
55138,168
55139,167
55140,168
55141,81
55142,81
55143,56
55144,58
55145,20
55146,20
55149,227
55150,227
55159,56
55160,58
55163,157
55164,157
55165,43
55166,43
55167,17
55168,17
55169,17
55170,17
55171,6
55172,6
55173,6
55174,6
55175,6
55176,6
55177,6
55178,6
55179,6
55180,6
55181,106
55182,106
55183,106
55184,106
55207,159
55208,159
55209,159
55211,129
55212,129
55213,159
55214,159
55215,74
55216,74
55217,74
55218,74
55220,159
55221,179
55222,179
55223,267
55224,267
55225,129
55226,129
55227,51
55228,51
55229,108
55230,108
55231,12
55232,12
55237,50
55238,50
55239,51
55240,51
55301,116
55302,116
55303,125
55304,125
55305,76
55306,85
55307,76
55308,85
55309,85
55310,76
55311,58
55312,58
55313,27
55314,27
55315,54
55316,54
55317,54
55318,54
55319,54
55320,54
55321,85
55322,76
55323,76
55324,76
55325,319
55326,320
55327,138
55328,139
55329,213
55330,214
55331,107
55332,107
55333,166
55334,166
55335,81
55336,81
55337,139
55338,139
55339,105
55340,105
55341,167
55342,167
55343,141
55344,141
55345,141
55346,141
55347,81
55348,81
55349,81
55350,81
55351,81
55352,81
55353,105
55354,105
55355,141
55356,141
55357,141
55358,141
55359,119
55360,119
55361,55
55362,55
55363,55
55364,55
55365,55
55366,55
55367,55
55368,55
55369,55
55370,55
55371,25
55372,25
55373,25
55374,25
55375,25
55376,25
55421,106
55422,106
55465,72
55466,72
55467,233
55468,233
55513,105
55514,105
55517,68
55518,68
55519,105
55520,105
55525,50
55526,50
55527,266
55528,266
55533,138
55534,139
55537,230
55538,230
55539,267
55540,267
55541,159
55542,159
55549,87
55550,87
55553,138
55554,139
55555,139
55556,139
55559,139
55560,139
55563,100
55564,100
55565,139
55566,139
55567,139
55568,139
55569,21
55570,21
55571,100
55572,100
55575,54
55576,54
55577,54
55578,54
55583,100
55584,100
55601,181
55602,180
55603,160
55604,160
55615,380
55616,379
55661,60
55662,60
55663,256
55664,255
55665,67
55666,56
55667,103
55668,103
55675,140
55676,140
55677,115
55678,115
55679,140
55680,140
55681,42
55682,42
55683,42
55684,42
55685,60
55686,60
55687,101
55688,101
55689,71
55690,71
55701,90
55702,90
55703,90
55704,90
55707,109
55708,109
55709,24
55710,24
55711,232
55712,232
55713,363
55714,363
55719,49
55720,49
55721,95
55722,94
55725,168
55726,168
55727,93
55728,94
55729,93
55730,94
55733,108
55734,108
55735,107
55736,108
55740,108
55741,108
55742,108
55743,107
55744,108
55749,56
55750,56
55751,56
55752,56
55753,268
55754,268
55755,107
55756,108
55763,107
55764,108
55769,90
55770,90
55771,61
55772,60
55801,156
55802,156
55803,208
55804,208
55809,156
55810,156
55811,309
55812,309
55813,343
55814,343
55817,156
55818,156
55819,126
55820,126
55823,6
55824,6
55861,95
55862,94
55893,89
55894,88
55895,426
55896,425
55901,336
55902,335
55903,155
55904,155
55909,102
55910,102
55913,176
55914,176
56001,68
56002,68
56003,62
56004,62
56005,62
56006,62
56007,60
56008,60
56009,70
56010,70
56011,193
56012,193
56013,70
56014,70
56033,76
56034,76
56035,61
56036,61
56037,196
56038,196
56041,279
56042,284
56043,22
56044,22
56100,99
56101,99
56102,40
56103,40
56105,84
56106,85
56107,85
56108,85
56109,141
56110,141
56111,178
56112,180
56113,120
56114,120
56115,70
56116,70
56136,45
56137,45
56138,18
56139,18
56140,18
56141,18
56142,18
56143,18
56144,35
56145,35
56146,35
56147,35
56148,35
56149,35
56150,35
56151,35
56201,60
56202,60
56203,60
56204,60
56205,25
56206,25
56207,60
56208,60
56209,60
56210,60
56215,294
56216,294
56217,96
56218,96
56221,69
56222,69
56223,165
56224,165
56225,69
56226,69
56227,273
56228,273
56231,138
56232,138
56237,138
56238,138
56241,220
56242,219
56261,290
56262,290
56263,138
56264,138
56265,167
56266,167
56267,167
56268,167
56269,275
56270,275
56271,114
56272,114
56273,305
56274,303
56275,372
56276,372
56277,244
56278,244
56281,198
56282,198
56300,84
56301,85
56302,56
56303,56
56304,231
56305,96
56307,64
56308,64
56309,64
56310,71
56311,72
56313,72
56315,72
56316,71
56317,78
56318,77
56319,531
56320,532
56323,404
56324,404
56331,44
56332,44
56333,52
56334,52
56335,52
56336,52
56337,44
56338,44
56361,107
56362,173
56363,173
56364,107
56365,302
56366,302
56370,96
56371,96
56373,22
56374,22
56375,96
56376,96
56377,43
56378,43
56379,56
56380,100
56381,100
56382,100
56383,100
56384,56
56385,58
56386,59
56387,114
56388,114
56389,58
56390,59
56391,155
56392,155
56393,96
56394,95
56501,693
56502,691
56503,747
56504,749
56505,17
56506,16
56507,84
56508,85
56509,84
56510,85
56511,17
56512,16
56513,568
56514,567
56515,470
56516,469
56517,93
56518,93
56519,33
56520,33
56600,85
56601,85
56602,175
56603,207
56604,98
56605,131
56610,110
56611,109
56612,66
56613,66
56614,66
56616,66
56617,66
56619,66
56620,66
56621,66
56640,326
56641,324
56642,49
56643,48
56644,49
56645,48
56646,91
56647,90
56650,273
56651,273
56652,89
56653,89
56654,220
56655,131
56656,131
56657,89
56659,48
56661,83
56663,118
56664,119
56665,182
56666,179
56700,410
56701,409
56703,93
56704,94
56705,333
56706,334
56707,62
56708,62
56709,120
56710,120
56711,145
56714,145
56715,196
56716,188
56717,88
56718,73
56719,15
56721,161
56722,161
56723,161
56724,161
56725,161
56726,161
56731,173
56732,173
56733,173
56734,173
56735,173
56736,173
56741,59
56742,60
56761,61
56762,61
56763,61
56764,61
56765,61
56766,61
56767,121
56768,121
56769,459
56770,458
56796,72
56797,78
56798,78
56799,72
56800,72
56801,72
56802,72
56803,72
56811,120
56812,120
56819,39
56820,39
56821,214
56822,214
56823,120
56824,120
56825,358
56826,358
56829,263
56830,264
56839,178
56840,180
56841,141
56842,141
56843,141
56844,141
56845,178
56846,180
56859,133
56860,133
56861,37
56862,37
56863,37
56864,37
56865,37
56866,37
56871,38
56872,38
56873,121
56874,121
56875,121
56876,121
56877,121
56878,121
56879,38
56880,38
56881,160
56882,264
56883,160
56884,264
56885,264
56886,160
56889,104
56902,20
56903,378
56904,377
56905,357
56906,356
56907,20
56909,516
56910,516
56911,191
56912,189
56913,470
56914,468
56915,191
56916,189
56917,62
56918,62
56921,141
56922,141
56925,69
56926,69
56961,61
56962,58
56963,61
56964,58
56965,61
56966,58
57121,243
57122,191
57123,332
57124,381
57129,455
57130,445
57131,22
57133,366
57134,366
57135,450
57136,453
57145,56
57146,56
57155,223
57156,223
57225,350
57226,350
57229,372
57230,371
57231,217
57232,217
57237,225
57238,226
57239,137
57240,209
57241,220
57242,220
57255,168
57256,168
57257,602
57258,603
57264,29
57265,29
57271,535
57272,535
57273,578
57274,577
57277,292
57278,220
57305,622
57306,622
57307,32
57308,32
57317,130
57320,130
57323,35
57324,35
57325,622
57326,622
57327,333
57328,333
57329,379
57330,380
57381,171
57382,171
57401,104
57402,104
57403,104
57404,104
57405,104
57406,104
57411,83
57412,83
57425,358
57426,356
57429,92
57430,93
57435,236
57436,236
57447,105
57448,182
57451,234
57452,234
57456,105
57473,191
57474,297
57475,370
57476,370
57477,473
57478,474
57486,77
57501,26
57502,114
57503,114
57504,26
57512,58
57515,581
57516,581
57517,115
57518,114
57521,92
57522,92
57539,298
57540,299
57541,325
57542,347
57547,435
57548,435
57549,583
57550,583
57551,223
57552,225
57553,316
57554,317
57557,110
57558,110
57561,623
57562,620
57563,340
57564,279
57581,206
57582,206
57583,206
57584,206
57590,19
57593,243
57594,243
57601,165
57602,165
57605,72
57606,79
57625,341
57626,341
57628,112
57631,377
57632,265
57641,299
57642,299
57649,36
57650,149
57651,341
57652,341
57657,209
57658,209
57659,347
57660,235
57685,108
57686,108
57687,165
57688,165
57689,165
57690,165
58001,526
58002,518
58003,299
58004,298
58005,366
58006,366
58007,182
58008,182
58009,226
58010,226
58011,442
58012,441
58013,82
58014,82
58015,284
58016,284
58017,209
58018,210
58019,41
58020,41
58021,137
58022,137
58023,161
58024,162
58025,339
58026,336
58029,62
58030,62
58031,69
58032,69
58033,117
58034,114
58103,148
58104,148
58109,147
58110,147
58111,885
58112,883
58113,470
58114,469
58117,503
58118,496
58131,520
58132,526
58133,101
58134,101
58135,48
58136,48
58137,48
58138,48
58143,175
58151,96
58152,96
58161,261
58162,261
58163,272
58164,269
58201,112
58202,111
58203,209
58204,209
58205,310
58206,302
58207,305
58208,305
58209,96
58210,97
58212,97
58213,431
58214,433
58217,204
58218,204
58219,237
58220,237
58221,214
58222,213
58223,143
58224,174
58227,64
58301,494
58302,494
58303,54
58304,54
58401,82
58402,82
58403,43
58404,43
58405,82
58406,82
58408,142
58409,43
58410,43
58411,165
58412,165
58413,202
58414,202
58415,90
58416,90
58417,380
58418,380
58419,239
58420,239
58421,196
58422,196
58423,115
58424,115
58425,214
58426,214
58427,88
58428,88
58429,65
58430,65
58431,65
58432,65
58433,192
58434,192
58435,115
58436,115
58501,471
58502,471
58503,184
58504,184
58505,267
58506,267
58525,202
58526,202
58527,528
58528,528
58529,570
58530,571
58531,202
58532,202
58533,266
58534,266
58535,82
58536,82
58537,357
58538,357
58601,168
58602,168
58603,248
58604,249
58621,157
58622,157
58651,66
58652,67
58653,110
58654,111
58655,66
58656,67
58657,66
58658,67
58659,160
58660,160
58661,222
58662,219
58701,215
58702,215
58711,51
58712,50
58713,51
58714,50
58715,51
58716,50
58717,22
58718,22
58719,17
58720,16
58721,17
58722,16
58801,249
58802,249
58803,249
58804,249
58805,238
58806,103
58808,135
58809,38
58810,42
58811,43
58812,38
58813,38
58814,38
58815,123
58816,124
58817,47
58818,46
58843,104
58844,104
58845,104
58846,104
58847,104
58848,104
58877,104
58878,104
59013,334
59014,335
59023,193
59024,193
59037,206
59038,206
59039,138
59040,114
59045,158
59046,182
59048,68
59049,362
59050,362
59075,334
59076,335
59077,334
59078,335
59101,62
59102,62
59103,62
59104,62
59117,99
59118,105
59119,105
59120,99
59121,105
59122,105
59151,104
59152,104
59153,104
59154,104
59161,105
59162,105
59163,13
59164,13
59167,62
59168,62
59169,13
59170,13
59201,47
59202,47
59203,169
59204,169
59205,114
59206,108
59207,535
59208,535
59211,222
59212,216
59213,52
59214,52
59215,52
59216,52
59225,201
59226,201
59227,91
59228,91
59229,206
59230,206
59231,78
59232,78
59233,169
59234,169
59235,152
59236,152
59243,38
59244,38
59267,47
59268,47
59269,47
59270,47
59271,169
59272,169
59295,47
59296,47
59297,236
59298,236
59306,78
59307,78
59317,54
59318,54
59319,183
59320,183
59341,428
59342,428
59345,44
59346,44
59353,54
59354,54
59355,585
59356,585
59357,86
59358,86
59359,75
59360,75
59379,74
59380,74
59385,553
59386,553
59387,133
59388,133
59393,397
59394,398
59395,133
59396,137
59421,184
59422,189
59423,189
59424,184
59425,358
59426,358
59439,490
59440,490
59441,490
59442,490
59473,111
59474,111
59475,40
59476,40
59477,40
59478,40
59481,40
59482,40
59483,40
59484,40
59503,429
59504,429
59507,189
59508,189
59509,64
59510,64
59511,64
59512,64
59547,495
59548,495
59549,99
59550,99
59601,139
59602,139
59603,306
59604,306
59605,114
59606,114
59607,31
59608,31
59705,563
59706,562
59707,77
59708,66
59709,66
59710,77
59711,142
59712,143
59713,54
59714,54
59715,215
59716,215
59717,215
59718,215
59719,215
59720,215
59721,367
59722,367
59727,213
59728,213
59729,213
59730,213
59731,66
59732,66
59733,66
59734,66
59735,47
59736,47
59803,265
59804,265
59805,268
59806,268
59811,688
59812,691
59813,330
59814,328
59821,499
59822,499
59823,87
59824,87
59825,87
59826,87
59827,36
59828,36
59831,527
59832,527
59833,227
59834,227
59835,169
59836,169
59837,85
59838,85
59839,85
59840,85
61631,138
61632,138
63105,230
63108,229
63141,228
63142,228
63151,6
63153,6
63154,6
63155,6
63156,6
63157,6
63158,6
63159,6
63160,6
63161,6
63162,6
63163,6
63164,6
63165,6
63166,6
63167,6
63168,6
63169,6
63203,34
63204,34
63205,123
63206,123
63207,177
63208,221
63209,177
63210,177
63211,221
63212,177
63213,49
63214,49
63217,98
63218,98
63219,75
63220,85
63221,89
63222,89
63223,49
63224,49
63225,207
63226,225
63227,207
63228,207
63231,207
63232,117
63233,225
63234,207
63235,89
63237,152
63238,152
63240,89
63241,94
63242,91
63243,94
63244,94
63245,91
63246,91
63247,91
63248,94
63249,91
63250,85
63251,91
63252,91
63253,91
63254,94
63255,91
63256,91
63257,94
63258,94
63259,91
63260,94
63261,139
63262,139
63263,117
63264,207
63271,89
63272,89
63273,20
63274,18
63275,20
63276,18
63279,93
63280,120
63283,120
63284,120
63285,120
63286,93
63289,85
63290,85
63291,85
63292,85
63293,118
63294,118
63295,203
63296,203
63501,106
63502,106
63505,104
63506,105
63507,104
63508,105
63509,104
63510,105
63511,104
63512,105
63513,104
63514,105
63515,104
63516,105
63517,104
63518,105
63519,104
63520,105
63521,104
63522,105
63523,104
63524,105
63525,104
63526,105
63527,42
63528,42
63529,100
63530,101
63531,72
63532,73
63533,72
63534,73
63535,72
63536,73
63537,72
63538,73
63541,88
63542,88
63543,88
63544,88
63545,58
63546,58
63547,74
63548,76
63549,124
63550,122
63551,58
63552,58
63553,479
63554,479
63561,110
63562,116
63563,110
63564,110
63565,43
63566,43
63567,154
63568,154
63569,110
63570,116
63571,131
63572,131
63573,97
63574,97
63581,111
63582,111
63583,111
63584,111
63591,137
63592,137
63593,80
63594,80
63595,193
63596,193
63597,198
63598,200
64001,88
64002,88
64003,44
64004,56
64011,65
64012,65
64013,65
64014,65
64015,65
64016,65
64017,65
64018,11
64019,65
64031,36
64032,36
64034,36
64036,36
64051,77
64052,77
64053,79
64055,79
64057,77
64061,57
64062,57
64064,57
64071,44
64073,94
64074,96
64075,53
64076,53
64077,53
64078,53
64080,53
64082,53
64084,53
64087,28
64088,7
64089,35
64090,35
64091,43
64092,35
64093,25
64094,25
64095,32
64096,25
64097,11
64098,25
64101,125
64102,125
64103,125
64104,54
64105,131
64106,82
64107,54
64108,82
64109,71
64110,131
64111,92
64112,64
64113,99
64114,131
64151,125
64152,125
64153,139
64154,78
64155,86
64156,139
64157,114
64158,86
64159,83
64160,115
64161,106
64162,83
64163,12
64164,106
64165,78
64167,185
64168,185
64201,73
64202,73
64203,73
64204,73
64205,73
64206,73
64207,73
64208,73
64209,73
64210,73
64211,73
64212,73
64213,73
64214,85
64216,85
64221,164
64222,164
64231,28
64232,28
64234,28
64235,101
64236,101
64251,73
64252,73
64253,84
64254,73
64255,84
64257,73
64260,86
64271,36
64272,36
64273,36
64274,36
64275,36
64281,139
64282,139
64401,19
64402,19
64403,19
64404,19
64406,19
64407,19
64408,19
64409,23
64410,25
64411,21
64412,19
64414,19
64415,25
64417,28
64418,28
64419,30
64420,30
64421,25
64422,25
64423,25
64424,25
64425,25
64426,25
64427,25
64428,25
64429,25
64430,25
64431,25
64432,25
64433,25
64434,28
64437,28
64439,28
64441,25
64443,28
64445,19
64449,25
64450,25
64451,88
64452,155
64453,88
64454,155
64461,164
64462,164
64463,156
64464,89
64465,156
64466,89
64470,89
64471,114
64472,114
64481,108
64482,41
64483,41
64491,53
64492,53
64493,46
64494,46
64496,89
64501,81
64502,81
64504,81
64511,238
64512,238
64513,238
64514,157
64515,157
64516,157
64517,157
64518,157
64521,113
64522,113
64523,113
64524,113
64531,88
64532,108
64533,88
64534,114
64536,88
64541,108
64542,108
64543,108
64545,41
64546,41
64547,41
64548,41
64551,135
64552,135
64553,153
64554,153
64555,59
64556,59
64557,180
64558,180
64559,180
64560,180
64561,261
64562,261
64563,215
64564,215
64565,192
64566,192
64567,103
64568,103
64569,87
64570,89
64581,161
64582,161
64583,203
64584,203
64585,5
64586,5
64587,225
64588,225
64589,78
64590,78
64591,194
64592,194
64593,77
64594,77
64595,152
64596,152
64901,118
64902,119
64903,158
64904,160
64905,134
64906,77
64908,44
64910,148
64911,71
64912,71
64913,69
64914,69
64915,69
64916,69
64931,69
64932,69
64951,83
64952,83
64953,180
64955,28
64956,28
64957,133
64958,137
64959,94
66000,21
66001,41
66002,21
66003,20
66004,21
66005,20
66006,21
66007,20
66008,68
66009,68
66010,68
66011,68
66012,41
66013,68
66014,77
66015,68
66016,70
66017,140
66018,140
66019,202
66020,204
66021,68
66022,62
66025,82
66026,82
66027,82
66028,82
66029,93
66030,93
66031,93
66032,93
66033,131
66034,131
66035,82
66036,82
66037,93
66038,93
66039,78
66040,68
66041,108
66042,108
66043,95
66044,95
66045,67
66046,67
66047,148
66048,146
66049,78
66050,77
66051,20
66052,21
66053,42
66054,20
66300,155
66301,155
66302,140
66303,142
66304,151
66305,151
66307,155
66308,155
66309,142
66310,140
66511,85
66512,86
66513,17
66514,73
66515,74
66516,16
66517,16
66518,17
66519,86
66520,87
66523,98
66524,98
66527,34
66528,34
66529,102
66530,68
66531,68
66532,85
66533,73
66534,92
66535,44
66536,44
66537,44
66538,44
66539,44
66540,44
66541,21
66542,21
66543,102
66544,102
66600,100
66601,100
66602,159
66603,159
66604,98
66605,98
66606,58
66607,58
66608,158
66609,159
66611,149
66612,150
67247,121
67248,103
67249,113
67250,113
67251,31
67253,31
67254,32
67255,25
67256,106
67257,106
67258,25
67259,32
67260,138
67261,149
67262,149
67263,138
67264,163
67265,163
67266,143
67267,163
67269,104
67270,104
67271,121
67272,122
67273,32
67274,32
67275,59
67276,59
67277,96
67278,96
67279,154
67280,154
67282,142
67291,60
67292,60
67293,60
67294,130
67295,79
67296,97
67297,138
67298,138
67299,149
67300,149
68001,148
68003,215
68004,214
68005,137
68006,137
68007,188
68008,147
68009,62
68010,62
68011,137
68012,137
68013,137
68014,137
68015,137
68016,137
68017,238
68018,238
68019,284
68020,284
68021,120
68022,120
68023,188
68024,189
68047,40
68048,40
68053,71
68054,70
68055,171
68056,170
68057,39
68058,39
68059,112
68060,112
68063,41
68069,41
68070,41
68071,70
68072,40
68073,11
68074,40
68075,29
68076,29
68077,40
68078,40
68079,37
68080,37
68081,53
68082,84
68088,121
68089,155
68090,155
68091,51
68092,51
68093,51
68094,51
68097,108
68098,108
68643,8
68644,8
68645,8
68646,8
68685,130
68686,117
68688,117
68689,117
68690,130
68701,48
68702,41
68703,48
68704,41
68705,109
68706,214
68707,48
68708,34
68709,109
68710,102
68711,73
68712,73
68713,127
68714,126
68715,127
68716,126
68717,48
68718,41
68719,112
68721,109
68723,73
68724,175
68725,48
68726,41
68727,112
68728,111
68729,109
68730,102
68731,97
68732,97
68733,97
68734,97
68735,135
68736,135
68737,135
68738,133
68739,100
68740,100
68741,133
68742,133
68743,127
68744,126
68745,209
68746,209
68747,320
68748,318
68749,215
68750,215
69101,99
69102,99
69104,35
69105,63
69106,63
69107,99
69108,99
69109,128
69110,128
69111,128
69112,128
69113,99
69114,99
69115,99
69116,63
69117,146
69118,147
69119,146
69120,147
69121,72
69122,72
69123,78
69124,78
69125,78
69126,78
69127,63
69128,63
69129,63
69130,63
69131,31
69132,31
69133,29
69134,29
69135,29
69136,29
69137,35
69138,35
69139,232
69140,206
69141,117
69142,117
69143,89
69144,89
69145,78
69146,78
69147,78
69149,265
69150,265
69151,68
69152,68
69153,54
69154,54
69161,137
69164,137
69165,65
69166,65
69167,65
69168,65
69169,160
69171,58
69172,58
69173,63
69174,89
69181,114
69182,114
69183,44
69184,44
69185,54
69186,54
69187,114
69188,114
69189,152
69190,153
69191,95
69192,95
69195,61
69196,61
70101,115
70102,119
70103,115
70104,119
70105,324
70106,326
71081,41
71082,86
71083,41
71084,41
71085,41
71086,41
71088,51
71089,105
71092,105
71093,41
71094,41
71095,105
71096,105
71401,43
71402,121
71403,77
71404,121
71405,43
71407,77
71408,77
71409,77
71410,77
71411,77
71413,265
71414,265
71415,265
71416,265
71901,51
71902,51
71903,148
71904,148
71905,51
71906,51
71907,148
71908,148
71909,136
71910,136
72171,18
72172,18
72173,18
72174,18
72175,18
72176,18
72177,18
72178,18
72179,18
72180,18
72203,34
72204,35
72205,34
72206,35
72207,34
72208,35
72209,34
72210,35
72451,95
72452,95
73011,111
73012,111
73021,59
73022,59
73031,65
73032,65
73033,44
73034,44
73035,127
73036,127
73037,54
73038,54
73151,261
73152,261
73211,10
73212,10
73213,19
73214,19
73215,6
73216,6
73261,64
73262,64
73263,64
73264,64
73421,45
73422,44
73425,45
73426,45
73427,45
73428,45
73429,47
73430,47
73451,56
73452,56
73453,56
73454,56
73461,28
73462,28
73463,28
73464,28
73538,132
73539,132
73581,61
73582,61
73901,39
73902,39
73903,39
73904,39
73905,39
73911,28
73912,28
73913,28
73914,28
73916,28
74001,82
74002,82
74003,82
74004,82
74011,69
74012,69
74013,246
74014,247
74015,138
74016,138
74017,81
74018,81
74019,89
74020,89
74021,163
74022,93
74023,93
74024,163
74025,93
74026,93
74027,54
74028,54
74029,89
74030,89
74031,11
74032,47
74033,47
74034,11
74035,11
74036,47
74037,47
74038,11
74201,172
74202,172
74301,47
74302,47
74303,47
74304,47
74305,47
74306,47
74601,49
74602,49
74603,49
74604,49
74605,49
74606,49
74607,49
74608,49
74611,89
74612,89
74613,45
74614,134
74615,134
74616,45
74617,45
74618,45
74619,134
74620,134
74621,45
74622,45
74623,45
74624,45
74625,134
74626,134
74627,134
74628,134
74629,134
74630,134
74631,89
74632,89
74633,89
74634,89
74635,89
74636,89
74637,89
74638,89
74639,89
74640,89
74641,68
74642,78
74643,78
74644,78
74645,170
74646,170
74647,56
74648,77
74651,53
74652,45
74653,45
74654,45
74655,45
74656,45
74657,45
74658,53
74661,25
74662,25
74663,25
74664,25
74671,106
74672,106
74673,98
74674,98
74675,106
74676,106
74681,77
74682,77
74683,72
74684,77
74685,72
74686,72
74687,77
74688,72
74691,58
74692,58
74801,14
74802,14
74803,14
74804,14
74805,14
74806,14
74807,14
74808,14
74809,14
74810,14
74811,14
74812,14
74813,14
74814,14
74815,14
74816,14
74817,14
74818,14
74831,185
74832,185
74833,313
74834,313
74835,471
74836,471
74837,348
74838,348
74839,208
74840,209
74841,302
74842,303
74843,208
74844,209
74845,211
74846,211
74847,211
74848,211
74849,48
74850,47
74851,48
74852,47
74853,48
74854,47
74855,142
74856,142
74857,90
74858,90
74901,115
74902,115
74903,115
74904,115
74906,53
74907,53
74909,152
74910,152
74911,42
74912,42
74913,42
74914,42
74915,42
74916,42
74917,42
74918,42
74919,42
74920,42
74923,121
74924,111
74931,117
74932,117
74933,117
74934,117
74935,117
74936,117
74937,117
74938,117
74939,117
74940,117
74941,31
74942,31
74943,31
74944,31
74945,31
74946,31
74947,31
74948,31
74951,87
74952,87
74953,87
74954,87
74961,123
74962,123
74963,123
74964,123
74965,77
74966,77
74967,77
74968,77
74969,77
74970,77
74971,88
74972,88
74973,88
74974,88
74975,88
74976,88
74977,88
74978,88
74981,80
74982,80
74983,80
74984,80
74985,122
74986,122
74987,122
74988,122
74991,215
74992,215
74993,41
74994,41
75002,220
75003,112
75004,112
75005,221
75007,220
75008,220
75009,127
75010,98
75011,138
75012,166
75013,81
75014,81
75015,81
75016,81
75101,136
75102,136
75103,126
75104,117
75105,214
75106,214
75107,118
75109,88
75111,154
75112,156
75113,156
75114,156
75115,203
75116,203
75201,53
75202,53
75207,169
75208,169
75209,105
75210,105
75211,111
75212,111
75213,29
75214,29
75221,53
75222,53
75225,187
75226,187
75227,187
75228,150
75229,150
75230,187
75231,129
75232,129
75233,82
75234,82
75235,87
75236,87
75237,159
75238,159
75253,37
75254,37
75255,132
75256,132
75271,97
75272,97
75273,97
75274,97
75279,54
75280,54
75707,217
75708,217
75713,181
75714,181
75715,210
75716,210
75717,183
75718,183
75719,251
75720,251
75721,63
75722,64
75723,208
75724,208
75727,100
75728,100
75729,167
75730,166
75733,33
75734,33
75735,33
75736,33
75737,33
75738,33
75739,33
75740,33
75743,204
75744,204
75745,107
75746,108
75747,40
75748,40
75749,61
75750,61
75901,54
75902,101
75903,101
75904,54
75905,47
75906,101
75907,101
75908,47
75911,40
75912,39
76501,17
76502,17
76503,17
76504,17
76505,81
76506,81
76507,64
76508,68
76523,62
76524,61
76525,201
76526,201
76551,157
76552,157
76553,150
76554,150
76800,26
76803,26
76804,26
76805,93
76806,93
76807,150
76808,150
76812,94
76813,28
76814,10
76815,94
76817,10
76818,27
76820,49
76821,49
76822,49
76823,49
76824,49
76825,70
76826,70
76827,49
76828,49
76829,49
76830,89
76831,89
76833,75
76834,75
76835,75
76836,75
76837,127
76838,127
76839,89
76840,89
76841,180
76842,180
76845,122
76846,122
76847,139
76848,139
76849,139
76850,139
76851,145
76852,145
76853,134
76854,134
77201,44
77202,94
77203,94
77204,94
77205,30
77206,109
77207,81
77208,80
77209,36
77211,36
77212,81
77213,44
77214,44
77215,81
77216,36
77218,81
77219,36
77220,36
77221,32
77222,59
77223,59
77224,59
77225,33
77226,33
77227,33
77228,33
77229,59
77230,32
77231,109
77232,65
77233,29
77234,36
77235,36
77237,70
77238,68
77239,47
77240,46
77241,99
77242,68
77243,49
77244,46
77245,25
77246,33
77247,33
77248,169
77249,143
77250,25
77251,141
77252,144
77253,145
77254,146
77255,142
77256,144
77257,83
77258,83
77259,148
77260,148
77261,81
77262,81
77263,44
77264,94
77265,76
77266,46
77267,65
77268,44
77269,81
77270,81
77271,44
77272,44
77273,47
77274,47
77281,31
77282,25
77283,32
77284,32
77285,25
77286,31
77287,31
77288,25
77289,32
77290,25
77291,177
77292,178
77293,70
77294,98
77295,171
77297,130
77298,272
77401,161
77402,161
77403,161
77404,161
77405,14
77406,14
77414,121
77415,122
77416,49
77417,50
77418,197
77419,197
77601,26
77602,39
77603,40
77604,25
77605,27
77606,40
77607,26
77608,26
77609,53
77610,40
77611,13
77612,13
77613,40
77614,40
77615,26
77616,26
77617,40
77618,40
77619,26
77622,52
77623,52
77630,27
77631,13
77632,13
77633,13
77634,13
77635,13
77638,13
77640,13
77641,13
77642,13
77643,13
77645,27
77647,13
77649,27
77651,108
77652,108
77653,52
77654,52
77655,108
77656,108
77657,253
77658,253
77671,105
77672,105
77673,154
77674,154
77675,154
77676,59
77677,59
77678,154
77679,39
77680,39
77681,39
77682,39
77683,151
77684,151
77689,57
77690,57
77691,151
77693,237
77694,237
77695,129
77696,129
78009,55
78010,55
78011,55
78012,72
78013,69
78014,17
78015,17
78016,69
78017,69
78018,17
78019,17
78020,51
78031,116
78032,116
78033,147
78034,147
78051,113
78052,113
78053,113
78054,113
78055,113
78056,113
78057,40
78058,40
78059,113
78060,113
78061,113
78101,96
78102,96
78103,150
78104,150
78502,27
78503,165
78504,165
78505,73
78511,16
78512,16
78513,16
78514,16
78515,16
78516,16
78517,16
78518,16
78519,16
78520,16
78531,60
78534,142
78801,89
78802,87
78803,89
78804,87
78805,89
78806,87
78807,60
78808,58
78809,89
78810,87
78811,47
78812,46
78813,47
78814,46
78815,149
78816,129
78817,89
78818,104
78819,249
78820,249
78821,89
78822,87
78824,89
78825,87
78826,87
78827,89
79301,242
79302,242
79303,188
79304,188
79305,139
79306,139
79307,21
79308,21
79309,139
79310,139
79311,21
79312,21
79313,139
79314,139
79315,21
79316,21
79317,139
79318,139
79319,21
79320,21
79321,21
79322,21
79323,21
79324,21
79325,21
79326,21
79413,51
79414,51
79415,51
79416,51
79417,51
79418,51
79419,51
79420,51
79421,51
79422,51
79423,51
79424,51
79425,51
79426,51
79427,51
79428,51
79429,63
79430,63
79431,68
79432,68
79433,109
79434,109
79435,109
79436,109
79437,118
79438,117
79441,28
79442,28
79443,28
79444,28
79445,98
79446,28
79447,28
79448,28
79449,47
79450,47
79451,28
79452,28
79453,28
79454,98
79455,105
79456,105
79457,36
79458,36
79459,36
79460,36
79481,39
79482,39
79483,39
79484,39
79485,1
79486,1
79487,1
79488,1
79489,1
79490,1
82355,1712
82601,649
82606,649
82631,695
82635,849
82651,3211
82652,3212
82653,2440
82654,2440
82665,668
82666,663
90540,60
90981,59
91392,10
91393,10
91394,10
91395,10
91396,10
91491,10
93001,63
93002,101
93003,63
93004,63
93005,123
93006,123
93007,123
93008,89
93009,101
93010,63
93011,63
93012,63
93013,89
93014,63
93015,123
93016,123
93017,63
93018,63
93019,63
93020,113
93021,63
93022,113
93023,63
93024,63
93025,123
93026,123
93027,113
93028,123
93029,113
93030,123
93031,63
93032,63
93033,123
93034,63
93101,63
93102,63
93103,123
93104,63
93105,63
93109,63
95001,49
95002,49
95003,49
95004,49
95005,49
95006,49
95007,49
95008,49
95009,49
95010,49
95011,49
95012,49
95013,49
95101,46
95102,46
95103,46
95104,46
95105,46
95106,46
95107,46
95108,46
95109,46
95110,46
95111,46
95112,46
95113,46
95114,46
95115,46
95116,46
95117,46
95118,46
95119,46
95120,46
95121,46
95122,46
95123,46
95124,46
95125,46
95126,46
95127,46
95128,46
95129,46
95130,46
95131,46
95132,46
95134,46
95136,46
95138,46
95140,46
95142,46
95144,46
95201,14
95202,14
95203,14
95204,14
95205,14
95206,14
95207,14
95208,14
95209,14
95210,14
95211,14
95212,14
95213,14
95214,14
95215,14
95216,14
95217,14
95218,14
95219,14
95220,14
95221,14
95222,14
95223,14
95224,14
95225,14
95226,14
95227,14
95228,14
95229,14
95230,14
95231,14
95232,14
95233,14
95234,14
95235,14
95236,14
95237,14
95239,14
95241,14
95301,6
95302,6
95303,6
95304,6
95305,6
95306,6
95307,6
95308,6
95309,6
95310,6
95311,6
95312,6
95313,6
95314,6
95315,6
95316,6
95317,6
95318,6
95319,6
95320,6
95321,6
95322,6
95323,6
95324,6
95325,6
95326,6
95327,6
95328,6
95329,6
95330,6
95331,6
95332,6
95334,6
95336,6
95338,6
95340,6
95342,6
95401,67
95402,67
95403,67
95404,67
95405,67
95406,67
95407,67
95408,67
95409,67
95410,67
95411,67
95412,67
95413,67
95414,67
95415,67
95416,67
95417,67
95418,67
95419,67
95420,67
95421,67
95422,67
95423,67
95424,67
95425,67
95426,67
95428,67
95430,67
95501,32
95502,32
95503,32
95504,32
95505,32
95506,32
95507,32
95508,32
95509,32
95510,32
95511,32
95512,32
95513,32
95514,32
95515,32
95516,32
95517,32
95601,10
95602,10
95603,10
95604,10
95605,10
95606,10
95607,10
95608,10
95609,10
95610,10
95611,10
95612,10
95613,10
95614,10
95615,10
95616,10
95617,10
95619,10
95701,53
95702,53
95703,53
95704,53
95705,53
95706,44
95707,53
95708,53
95709,53
95710,53
95711,53
95712,53
95713,44
95714,53
95715,53
95716,53
95717,53
95718,53
95719,53
95720,53
95721,53
95722,44
95723,44
95724,53
95725,44
95726,53
95727,53
95728,53
95729,44
95730,44
95731,53
95732,53
95733,53
95734,44
95735,44
95736,53
95737,53
95738,53
95739,53
95740,53
95741,53
95742,53
95743,53
95744,53
95745,53
95746,53
95801,48
95802,48
95804,48
95805,48
95808,48
95901,33
95902,33
95903,33
95904,33
95905,33
95906,33
95907,33
95908,33
95909,33
95910,33
95911,33
95912,33
95913,33
95917,33
95919,33
96001,2
96002,2
96003,49
96004,2
96005,2
96006,2
96007,2
96008,2
96009,2
96010,2
96011,2
96012,2
96013,2
96014,2
96015,2
96016,2
96017,2
96018,2
96019,49
96020,49
96022,2
96101,46
96102,46
96103,46
96104,46
96105,46
96106,46
96107,46
96108,46
96109,46
96110,46
96111,46
96112,46
96113,46
96114,99
96115,46
96116,99
96117,46
96119,46
96121,46
96201,14
96202,14
96203,14
96204,14
96205,14
96206,14
96207,14
96208,14
96209,14
96210,14
96211,14
96212,14
96213,14
96214,14
96215,14
96216,14
96217,14
96218,14
96219,14
96220,14
96221,14
96222,14
96223,14
96224,14
96225,14
96226,14
96227,14
96228,14
96232,14
96234,14
96236,67
96301,6
96302,6
96303,6
96304,6
96305,6
96306,6
96307,6
96308,6
96309,6
96310,6
96311,6
96312,6
96313,6
96314,6
96315,6
96316,6
96317,6
96318,6
96319,6
96320,6
96321,6
96322,6
96323,6
96324,6
96325,6
96326,6
96327,6
96328,6
96329,6
96330,6
96331,6
96332,6
96333,6
96334,6
96335,6
96336,59
96337,6
96339,6
96341,6
96343,6
96345,6
96401,67
96402,67
96403,67
96404,67
96405,67
96406,67
96407,67
96409,67
96501,21
96502,32
96503,32
96504,32
96505,32
96506,32
96507,32
96508,32
96509,32
96510,32
96511,32
96512,32
96513,32
96514,32
96515,32
96516,32
96517,32
96518,32
96519,32
96520,32
96521,32
96522,32
96524,32
96601,10
96602,10
96603,10
96604,10
96605,10
96606,10
96607,10
96608,10
96609,10
96610,10
96611,10
96612,10
96613,10
96614,10
96615,10
96616,10
96617,10
96618,10
96619,10
96620,10
96621,10
96622,10
96623,10
96624,10
96625,10
96626,10
96627,10
96628,10
96629,10
96630,10
96631,10
96632,10
96633,10
96634,10
96635,10
96636,10
96637,10
96638,10
96639,10
96640,10
96641,10
96642,10
96643,10
96644,10
96645,10
96646,10
96647,10
96648,10
96649,10
96650,10
96651,10
96652,10
96653,10
96654,10
96655,10
96656,10
96657,64
96658,10
96660,10
97000,53
97001,35
97002,53
97003,35
97004,53
97005,35
97006,53
97007,35
97008,53
97009,35
97010,53
97011,53
97012,44
97013,35
97014,53
97015,53
97016,53
97017,53
97018,53
97019,53
97020,53
97021,53
97022,53
97023,44
97024,53
97025,53
97026,44
97027,53
97028,44
97029,53
97030,53
97031,53
97032,53
97033,20
97034,53
97035,44
97036,53
97037,53
97038,53
97039,53
97040,53
97041,53
97042,37
97043,44
97044,53
97045,44
97046,20
97047,53
97048,53
97049,53
97050,44
97051,37
97052,53
97053,53
97054,53
97055,53
97056,20
97057,53
97058,53
97059,53
97060,53
97061,53
97062,53
97063,44
97064,37
97065,53
97066,53
97067,53
97068,53
97069,53
97070,53
97071,53
97072,44
97073,20
97074,53
97075,53
97076,53
97077,37
97078,53
97079,53
97080,53
97081,53
97082,53
97083,53
97084,53
97085,53
97086,20
97087,44
97088,53
97089,53
97090,53
97091,53
97092,44
97093,53
97094,20
97095,53
97096,53
97097,37
97098,44
97099,35
97100,53
97101,53
97102,53
97103,53
97104,53
97105,53
97106,53
97107,44
97108,53
97109,35
97110,44
97111,53
97112,53
97113,53
97114,53
97115,44
97116,37
97117,53
97118,20
97119,53
97120,44
97121,44
97122,53
97123,44
97124,53
97125,53
97126,44
97127,53
97128,53
97129,53
97130,20
97131,37
97132,44
97133,53
97134,44
97135,44
97136,53
97137,44
97138,44
97139,53
97140,37
97141,44
97142,53
97143,44
97144,53
97145,44
97146,53
97147,53
97148,37
97149,53
97150,20
97151,53
97152,20
97153,53
97155,44
97201,48
97202,48
97203,48
97204,48
97205,48
97206,48
97207,48
97208,48
97209,48
97210,48
97211,48
97212,39
97213,48
97214,48
97215,48
97216,48
97217,48
97218,48
97219,48
97220,48
97221,48
97222,48
97223,48
97224,48
97225,48
97226,48
97227,48
97228,48
97229,48
97230,48
97231,48
97232,48
97233,48
97234,39
97235,39
97236,48
97237,39
97238,48
97239,48
97240,48
97241,48
97242,48
97243,48
97244,48
97245,48
97246,48
97247,39
97248,48
97249,48
97250,48
97251,48
97252,48
97253,48
97254,39
97255,48
97256,48
97258,48
97260,39
97301,33
97302,33
97303,33
97304,33
97305,33
97306,33
97307,33
97308,33
97309,33
97310,33
97311,33
97312,33
97313,33
97314,33
97315,33
97316,33
97317,33
97318,33
97319,33
97320,33
97321,33
97322,33
97323,33
97324,33
97325,33
97326,33
97327,33
97328,33
97329,33
97330,33
97331,33
97332,33
97333,33
97334,33
97335,33
97336,33
97337,33
97338,33
97339,33
97340,33
97341,33
97342,33
97343,33
97344,33
97345,33
97346,33
97347,33
97348,33
97349,33
97350,33
97351,33
97352,33
97353,33
97354,33
97355,33
97356,33
97357,33
97358,33
97359,33
97360,33
97361,33
97362,33
97363,33
97364,33
97365,33
97366,33
97367,33
97368,33
97369,33
97370,33
97371,33
97372,33
97373,33
97374,33
97375,24
97376,33
97377,33
97378,33
97379,33
97380,33
97381,33
97382,33
97383,33
97384,24
97385,33
97386,33
97387,33
97388,33
97389,33
97390,33
97391,33
97392,33
97393,33
97394,33
97395,33
97396,33
97397,33
97398,33
97399,33
97400,33
97401,33
97402,33
97403,33
97404,33
97405,33
97406,24
97407,33
97408,33
97409,24
97410,24
97411,33
97412,33
97413,33
97414,33
97415,24
97416,33
97417,33
97418,33
97419,33
97420,24
97421,33
97422,33
97423,33
97424,24
97425,33
97426,33
97427,33
97428,33
97429,24
97430,24
97431,33
97432,33
97433,33
97434,33
97435,33
97436,33
97437,33
97438,33
97439,33
97440,33
97441,33
97442,24
97444,33
97445,33
97446,33
97501,19
97502,19
97503,19
97504,19
97601,15
97602,15
97603,15
97604,15
97605,15
97606,15
97607,15
97608,15
97609,15
97610,15
97611,15
97612,15
97613,15
97614,15
97615,15
97616,15
97617,15
97618,15
97619,15
97620,15
97621,15
97622,15
97623,15
97624,15
97625,15
97626,15
97627,15
97628,15
97629,15
97630,15
97631,15
97632,15
97633,15
97634,15
97635,15
97636,15
97637,15
97638,15
97639,15
97640,15
97641,15
97642,15
97643,15
97644,15
97645,15
97646,15
97647,15
97648,15
97649,15
97651,15
97653,15
97655,15
98000,49
98001,49
98002,49
98003,49
98004,49
98005,49
98006,49
98007,49
98008,49
98009,49
98010,49
98011,49
98012,49
98013,20
98014,49
98015,49
98016,49
98017,49
98018,39
98019,49
98020,49
98021,20
98022,49
98023,49
98024,49
98025,49
98026,39
98027,49
98028,49
98029,49
98030,49
98031,39
98032,39
98033,49
98034,49
98035,49
98036,49
98037,49
98038,49
98039,49
98040,39
98041,49
98042,49
98043,49
98044,49
98045,49
98046,49
98047,49
98048,49
98049,49
98050,49
98051,39
98052,49
98053,49
98054,49
98055,49
98056,49
98057,49
98058,49
98059,49
98060,49
98061,49
98062,49
98063,49
98064,49
98065,49
98066,49
98067,49
98068,49
98069,49
98070,49
98071,49
98072,49
98073,49
98074,49
98075,49
98076,49
98077,49
98078,49
98079,49
98080,49
98081,49
98082,49
98083,39
98084,49
98085,49
98087,49
98088,49
98089,49
98090,49
98091,49
98092,49
98093,49
98094,49
98095,49
98096,49
98097,49
98098,49
98099,49
98100,49
98101,49
98102,49
98103,39
98104,49
98105,49
98106,49
98107,49
98108,49
98109,49
98110,49
98111,49
98112,49
98113,49
98114,49
98115,49
98116,49
98117,49
98118,49
98119,49
98120,49
98121,49
98122,49
98123,49
98124,49
98125,49
98126,49
98127,49
98128,49
98129,49
98130,49
98131,49
98132,49
98133,39
98134,39
98135,49
98136,49
98137,49
98138,49
98139,49
98140,49
98141,49
98142,49
98143,39
98144,39
98145,49
98146,49
98147,49
98148,49
98149,39
98150,49
98151,49
98152,49
98153,49
98154,49
98155,49
98156,49
98157,49
98158,49
98159,49
98160,49
98161,49
98162,49
98163,49
98164,49
98165,49
98166,20
98167,39
98168,49
98169,49
98170,49
98171,49
98172,49
98173,39
98174,49
98175,49
98176,49
98177,39
98178,49
98179,49
98180,49
98181,39
98182,49
98183,49
98184,49
98185,49
98186,49
98187,39
98188,49
98189,49
98190,49
98191,49
98192,49
98193,49
98194,49
98195,49
98196,10
98197,49
98198,49
98199,49
98200,20
98201,49
98202,49
98203,49
98204,49
98205,49
98207,49
98208,10
98209,49
98211,49
98213,49
98214,10
98215,49
98300,38
98301,38
98302,38
98303,38
98304,38
98305,38
98306,38
98307,38
98308,38
98309,28
98310,38
98311,38
98312,38
98313,38
98314,38
98315,38
98316,38
98317,38
98318,38
98319,38
98320,38
98321,28
98322,38
98323,38
98324,38
98325,38
98326,38
98327,38
98328,38
98329,28
98330,38
98331,38
98332,38
98333,38
98334,28
98335,38
98336,38
98337,38
98338,28
98339,38
98340,28
98341,38
98342,38
98343,38
98344,38
98345,38
98346,38
98347,38
98348,38
98349,38
98350,38
98351,38
98352,38
98353,38
98354,38
98355,28
98356,38
98357,38
98358,38
98359,38
98360,38
98361,38
98362,38
98363,38
98364,28
98365,38
98366,38
98367,28
98368,38
98369,38
98370,38
98371,38
98372,38
98373,38
98374,38
98375,38
98376,38
98377,38
98378,38
98379,38
98380,38
98381,38
98382,38
98384,28
98386,38
98388,38
98390,38
98392,38
98394,38
98500,28
98501,28
98502,28
98503,28
98504,28
98505,28
98506,28
98507,19
98508,28
98509,28
98510,28
98511,28
98512,28
98513,28
98514,19
98515,28
98516,28
98517,28
98518,28
98519,28
98520,28
98521,28
98522,28
98523,28
98524,28
98525,28
98526,28
98527,19
98528,28
98529,28
98530,28
98531,28
98532,28
98533,28
98535,28
98537,28
98538,19
98539,28
98540,28
98541,28
98543,28
98544,28
98545,28
98546,19
98547,28
98548,28
98549,28
98550,28
98551,28
98552,28
98553,28
98554,28
98555,28
98556,28
98557,28
98558,19
98559,28
98560,28
98561,28
98562,19
98563,28
98564,28
98565,28
98566,28
98567,28
98568,28
98569,28
98570,19
98571,28
98572,28
98573,28
98574,28
98575,28
98576,28
98577,28
98578,19
98580,19
98600,21
98601,21
98602,21
98603,21
98604,17
98605,17
98700,10
98701,10
98702,10
98703,10
98704,10
98705,10
98706,10
98707,10
98708,10
98709,10
98710,10
98711,10
98712,10
98713,10
98714,10
98715,10
98716,10
98717,10
98718,10
98719,10
98720,10
98721,10
98722,10
98723,10
98724,10
98725,10
98726,10
98727,10
98728,10
98729,10
98730,10
98731,10
98732,10
98733,10
98734,10
98735,10
98736,10
98737,10
98738,10
98739,10
98740,10
98741,10
98742,10
98743,10
98744,10
98745,10
98746,10
98747,10
98748,10
98749,10
98750,10
98751,10
98752,10
98753,10
98754,10
98755,10
98756,10
98757,10
98758,10
98759,10
98760,10
98761,10
98762,10
98763,10
98764,10
98765,10
98766,10
98767,10
98768,10
98769,10
98770,10
98771,10
98772,10
98773,10
98774,10
98775,10
98776,10
98777,10
98778,10
98779,10
98780,10
98781,10
98782,10
98783,10
98784,10
98785,10
98800,10
98801,10
98802,10
98803,10
98804,10
98805,10
98806,10
98807,10
98808,10
98809,10
98810,10
98811,10
98812,10
98813,10
98814,10
98815,10
98816,10
98817,10
98818,10
98819,10
98820,10
98821,10
98822,10
98823,10
98824,10
98825,10
98826,10
98827,10
98828,10
98829,10
98830,10
98831,10
98832,10
98833,10
98834,10
98835,10
98836,10
98837,10
98838,10
98839,10
98840,10
98841,10
98842,10
98843,10
98844,10
98845,10
98846,10
98847,10
98848,10
98849,10
98850,10
98851,10
98852,10
98853,10
98854,10
98855,10
98856,10
98857,10
98858,10
98859,10
98860,10
98861,10
98862,10
98863,10
98864,10
98865,10
98866,10
98867,10
98868,10
98869,10
98870,10
98871,10
98872,10
98873,10
98874,10
98875,10
98876,10
98877,10
98878,10
98879,10
98880,10
98881,10
98882,10
98883,10
98884,10
98885,10
98886,10
98887,10
98900,40
98901,39
98902,40
98903,39
98904,40
98905,39
98906,40
98907,39
98908,40
98909,39
98910,40
98911,39
98912,40
98913,40
98914,40
98915,40
98916,40
98917,40
99000,34
99001,34
99002,34
99003,34
99004,34
99005,34
99006,34
99007,34
99008,34
99009,34
99010,34
99011,34
99012,34
99013,34
99014,34
99015,34
99016,34
99017,34
99018,34
99019,34
99020,34
99021,34
99022,34
99023,34
99024,34
99025,34
99026,34
99027,34
99028,34
99029,34
99030,34
99031,34
99032,34
99033,34
99034,34
99035,34
99036,34
99037,34
99038,34
99039,34
99040,34
99041,34
99042,34
99100,23
99101,23
99102,23
99103,23
99104,23
99105,23
99107,23
99200,20
99201,20
99202,20
99203,20
99204,20
99205,20
99206,20
99207,20
99208,20
99209,20
99210,20
99211,20
99212,20
99213,20
99214,20
99215,20
99216,20
99217,20
99218,20
99219,20
99220,20
99221,20
99222,20
99223,20
99224,20
99225,20
99226,20
99227,20
99228,20
99229,20
99230,20
99231,20
99232,20
99233,20
99234,20
99235,20
99236,20
99237,20
99238,20
99239,20
99240,20
99241,20
99242,20
99243,20
99244,20
99245,20
99246,20
99247,20
99248,20
99249,20
99250,20
99251,20
99252,20
99253,20
99254,20
99255,20
99400,18
99401,18
99402,18
99403,18
99404,18
99405,18
99406,18
99407,18
99408,18
99409,18
99410,18
99411,18
99412,18
99413,18
99414,18
99415,18
99416,18
99417,18
99418,18
99419,18
99420,18
99421,18
99422,18
99423,18
99424,18
99425,18
99426,18
99427,18
99428,18
99429,18
99430,18
99431,18
99432,18
99433,18
99434,18
99435,18
99436,18
99437,18
99438,18
99439,18
99440,18
99441,18
99442,18
99443,18
99444,18
99445,18
99446,18
99447,18
99448,18
99449,18
99450,18
99451,18
99452,18
99453,18
99454,18
99455,18
99456,18
99457,18
99458,18
99459,18
99460,18
99461,18
99462,18
99463,18
99464,18
99465,18
99466,18
99467,18
99468,18
99469,18
99470,18
99471,18
99472,18
99473,18
99474,18
99475,18
99476,18
99477,18
99478,18
99479,18
99480,18
99481,18
99482,18
99483,18
99484,18
99485,18
99486,18
99487,18
99488,18
99489,18
99490,18
99491,18
99492,18
99493,18
99494,18
99495,18
99496,18
99497,18
99498,18
99499,18
99500,18
99501,18
99502,18
99503,18
99801,63
99802,63
99803,63
99804,63
99805,63
99806,63
99807,63
99808,63
99809,63
99810,63
99811,63
99812,63
99813,63
99814,61
99815,63
99816,63
99817,63
99818,63
99819,63
99820,63
99821,63
99822,63
99823,61
99824,63
99825,63
99826,63
99827,63
99828,63
99829,63
99830,63
99831,63
99832,61
99833,63
99834,63
99835,63
99836,63
99901,34
99902,34
99903,34
99904,34
99905,31
99906,34
99907,34
99908,34
